year,week_num,game_day_of_week,game_time,opp,first_down_off,pass_yds_off,rush_yds_off,to_off,first_down_def,pass_yds_def,rush_yds_def,to_def,result
1940,1,Sun,0,Pittsburgh Steelers,9,128,64,4,3,64,65,4,T
1940,2,Sun,0,Detroit Lions,2,0,14,2,5,26,-10,5,T
1940,3,Wed,0,Chicago Bears,12,83,173,2,17,121,135,3,W
1940,4,Sun,0,Green Bay Packers,14,87,137,6,13,177,155,3,L
1940,5,Sat,0,Detroit Lions,9,25,120,10,9,49,194,5,L
1940,6,Sun,0,Washington Redskins,5,127,82,2,20,325,115,5,L
1940,7,Sun,0,Cleveland Rams,12,63,196,6,7,177,153,3,L
1940,8,Sun,0,Cleveland Rams,14,77,146,4,8,54,93,4,W
1940,10,Sun,0,Green Bay Packers,12,97,92,5,16,114,274,1,L
1940,12,Sun,0,Brooklyn Dodgers,15,88,199,4,9,106,116,5,L
1940,13,Sun,0,Chicago Bears,11,139,101,2,8,63,191,4,L
1941,2,Tue,0,Cleveland Rams,11,114,118,3,4,90,80,2,L
1941,4,Sat,0,Detroit Lions,8,71,100,0,5,66,96,2,T
1941,5,Sun,0,Green Bay Packers,7,195,79,1,9,71,114,1,L
1941,6,Sun,0,Chicago Bears,11,100,103,3,17,376,237,2,L
1941,7,Sun,0,Brooklyn Dodgers,13,159,159,2,11,63,113,5,W
1941,8,Sun,0,Philadelphia Eagles,14,217,80,5,9,99,69,2,L
1941,9,Sun,0,New York Giants,16,200,74,2,8,65,82,2,W
1941,11,Sun,0,Green Bay Packers,16,148,100,5,13,127,145,2,L
1941,12,Sun,0,Cleveland Rams,7,83,48,2,6,91,103,5,W
1941,13,Sun,0,Detroit Lions,13,147,88,7,9,94,93,3,L
1941,14,Sun,0,Chicago Bears,18,226,103,3,16,158,204,7,L
1942,1,Sun,0,Cleveland Rams,10,99,150,1,11,161,160,3,W
1942,2,Sun,0,Detroit Lions,11,109,99,0,9,59,58,4,W
1942,4,Sun,0,Green Bay Packers,11,95,105,7,9,88,141,4,L
1942,5,Sun,0,Chicago Bears,8,156,43,2,11,252,80,5,L
1942,6,Sun,0,Detroit Lions,12,138,123,1,9,65,114,3,W
1942,7,Sun,0,Cleveland Rams,13,114,100,4,9,93,60,3,L
1942,8,Sun,0,Green Bay Packers,16,138,104,4,13,423,116,2,L
1942,9,Sun,0,Washington Redskins,17,105,159,5,10,181,145,3,L
1942,11,Sun,0,Pittsburgh Steelers,12,183,75,7,8,40,226,1,L
1942,12,Sun,0,New York Giants,17,222,80,5,13,79,183,1,L
1942,13,Sun,0,Chicago Bears,5,73,-17,4,12,61,187,4,L
1943,1,Sun,0,Detroit Lions,9,157,0,5,14,120,168,4,L
1943,3,Sun,0,Green Bay Packers,14,153,102,6,13,155,184,3,L
1943,4,Sun,0,Chicago Bears,13,99,117,6,12,211,86,3,L
1943,5,Sun,0,Detroit Lions,10,46,38,3,9,189,-53,1,L
1943,6,Sun,0,Washington Redskins,12,92,77,3,7,78,101,3,L
1943,7,Sun,0,Phi/Pit Eagles/Steelers,9,175,31,5,16,74,167,3,L
1943,8,Sun,0,Brooklyn Dodgers,8,56,82,5,12,96,104,4,L
1943,9,Sun,0,Green Bay Packers,13,131,78,5,15,296,31,2,L
1943,10,Sun,0,New York Giants,9,88,80,2,14,147,179,2,L
1943,11,Sun,0,Chicago Bears,5,98,104,4,19,241,199,4,L
1944,2,Sun,0,Cleveland Rams,11,182,128,5,6,136,96,4,L
1944,4,Sun,0,Green Bay Packers,8,126,61,6,15,241,147,3,L
1944,5,Sun,0,Chicago Bears,4,26,89,4,13,154,131,3,L
1944,6,Sun,0,New York Giants,10,103,112,7,15,109,224,6,L
1944,7,Sun,0,Washington Redskins,19,180,187,6,8,211,140,2,L
1944,8,Sun,0,Detroit Lions,13,112,172,9,12,194,83,5,L
1944,9,Sun,0,Detroit Lions,17,177,161,5,8,41,78,1,L
1944,10,Sun,0,Cleveland Rams,12,120,90,5,9,196,135,2,L
1944,11,Sun,0,Green Bay Packers,5,138,19,4,11,190,87,1,L
1944,12,Sun,0,Chicago Bears,10,96,-2,2,12,104,308,1,L
1945,1,Sun,0,Detroit Lions,2,57,26,5,11,109,83,6,L
1945,2,Sun,0,Cleveland Rams,6,70,25,5,14,119,254,4,L
1945,3,Sun,0,Philadelphia Eagles,14,170,43,0,9,76,164,0,L
1945,4,Sun,0,Chicago Bears,17,86,241,2,8,196,17,2,W
1945,5,Sun,0,Detroit Lions,8,82,31,4,9,251,75,2,L
1945,6,Sun,0,Green Bay Packers,15,223,151,2,14,233,136,2,L
1945,7,Sun,0,Washington Redskins,14,156,168,3,15,249,135,0,L
1945,8,Sun,0,Pittsburgh Steelers,5,26,57,4,4,0,171,1,L
1945,9,Sun,0,Cleveland Rams,19,294,51,5,13,242,147,3,L
1945,11,Sun,0,Chicago Bears,16,171,122,1,12,134,123,2,L
1946,1,Fri,0,Pittsburgh Steelers,11,79,107,4,8,25,112,2,L
1946,2,Mon,0,Detroit Lions,19,116,227,4,12,173,-17,7,W
1946,3,Sun,0,Chicago Bears,12,218,133,4,22,179,179,2,L
1946,4,Sun,0,Detroit Lions,23,263,131,4,8,182,-24,3,W
1946,5,Sun,0,New York Giants,16,170,133,4,17,294,34,6,L
1946,6,Sun,0,Los Angeles Rams,21,238,121,3,19,173,163,6,W
1946,7,Sun,0,Boston Yanks,20,236,157,1,18,109,167,4,W
1946,8,Sun,0,Green Bay Packers,10,225,12,10,19,50,220,4,L
1946,9,Sun,0,Los Angeles Rams,12,165,103,5,16,162,142,2,L
1946,10,Sun,0,Green Bay Packers,16,106,243,6,11,24,131,4,W
1946,11,Sun,0,Chicago Bears,15,135,162,4,26,232,142,5,W
1947,2,Sun,0,Detroit Lions,26,430,134,2,20,167,148,4,W
1947,3,Sun,0,Chicago Bears,19,157,146,3,11,131,98,6,W
1947,4,Sun,0,Green Bay Packers,21,125,217,4,12,110,151,2,W
1947,5,Sun,0,Los Angeles Rams,15,134,80,3,22,106,260,2,L
1947,6,Sun,0,Boston Yanks,26,253,174,4,8,123,91,3,W
1947,7,Sun,0,Los Angeles Rams,22,238,155,4,15,109,222,7,W
1947,8,Sun,0,Detroit Lions,11,74,172,3,11,92,106,6,W
1947,9,Sun,0,Green Bay Packers,16,157,112,4,15,172,77,1,W
1947,10,Sun,0,Washington Redskins,21,291,62,7,26,355,133,2,L
1947,11,Sun,0,New York Giants,26,280,216,4,18,180,249,2,L
1947,12,Sun,0,Philadelphia Eagles,21,194,185,1,19,314,69,4,W
1947,13,Sun,0,Chicago Bears,17,247,82,2,24,347,155,6,W
1948,2,Fri,0,Philadelphia Eagles,14,151,189,2,15,207,124,4,W
1948,3,Mon,0,Chicago Bears,15,199,101,3,15,124,206,3,L
1948,4,Sun,0,Green Bay Packers,16,35,320,6,12,122,115,4,W
1948,5,Sun,0,New York Giants,23,280,299,1,26,247,145,2,W
1948,6,Sun,0,Boston Yanks,20,142,300,3,12,147,76,6,W
1948,7,Sun,0,Los Angeles Rams,27,299,178,3,19,406,54,3,W
1948,8,Sun,0,Detroit Lions,23,251,233,3,15,252,105,3,W
1948,9,Sun,0,Pittsburgh Steelers,18,184,184,1,14,186,141,5,W
1948,10,Sun,0,Los Angeles Rams,22,216,170,2,14,323,92,3,W
1948,11,Thu,0,Detroit Lions,10,159,104,0,19,186,184,4,W
1948,12,Sun,0,Green Bay Packers,25,99,289,2,9,10,122,5,W
1948,13,Sun,0,Chicago Bears,20,119,193,2,20,310,152,5,W
1949,1,Mon,0,Washington Redskins,21,150,265,3,20,217,102,4,W
1949,2,Sun,0,Chicago Bears,11,122,87,1,16,202,111,3,L
1949,3,Sat,0,Philadelphia Eagles,13,57,156,3,20,107,269,2,L
1949,4,Sun,0,Green Bay Packers,14,31,213,4,17,179,130,6,W
1949,5,Sun,0,Detroit Lions,10,117,159,8,16,210,126,5,L
1949,6,Sun,0,New York Giants,23,82,308,3,18,139,181,2,L
1949,7,Sun,0,Detroit Lions,16,162,155,4,20,172,189,5,W
1949,8,Sun,0,New York Bulldogs,32,253,319,2,20,254,139,7,W
1949,9,Sun,0,Los Angeles Rams,19,89,169,5,22,278,187,6,T
1949,10,Sun,0,Green Bay Packers,17,199,145,3,19,164,155,4,W
1949,11,Sun,0,Los Angeles Rams,14,171,106,2,19,222,157,6,W
1949,12,Sun,0,Chicago Bears,17,280,48,4,24,468,128,4,L
1950,2,Sun,0,Philadelphia Eagles,12,155,110,12,26,163,276,4,L
1950,3,Mon,0,Baltimore Colts,27,281,272,2,11,143,43,7,W
1950,4,Sun,0,Chicago Bears,7,69,66,2,23,93,241,4,L
1950,5,Sun,0,Cleveland Browns,15,126,137,2,21,369,43,3,L
1950,6,Sun,0,Washington Redskins,18,289,140,2,21,275,125,6,W
1950,7,Sun,0,New York Giants,16,110,194,4,10,73,98,3,W
1950,8,Sun,0,Cleveland Browns,12,194,73,5,16,114,237,2,L
1950,9,Sun,0,New York Giants,18,231,95,4,22,243,309,2,L
1950,10,Sun,0,Philadelphia Eagles,16,133,190,1,16,89,203,2,W
1950,11,Thu,0,Pittsburgh Steelers,16,169,114,4,19,131,220,5,L
1950,12,Sun,0,Chicago Bears,18,255,120,2,14,112,140,3,W
1950,13,Sun,0,Pittsburgh Steelers,19,274,93,5,17,211,197,5,L
1951,1,Sun,0,Philadelphia Eagles,12,109,138,5,12,109,112,5,L
1951,2,Sun,0,Chicago Bears,15,144,216,2,19,262,59,6,W
1951,3,Sun,0,New York Giants,17,187,96,4,16,90,179,8,L
1951,4,Sun,0,Washington Redskins,22,134,231,2,14,58,232,1,L
1951,5,Sun,0,Pittsburgh Steelers,23,227,165,6,11,159,128,1,L
1951,6,Sun,0,Cleveland Browns,25,227,91,5,25,174,238,1,L
1951,7,Sun,0,Los Angeles Rams,16,214,128,4,23,281,237,2,L
1951,8,Sun,0,San Francisco 49ers,17,189,248,1,26,148,231,3,W
1951,9,Sun,0,New York Giants,13,87,65,1,7,46,107,3,L
1951,10,Sun,0,Cleveland Browns,22,192,156,8,20,191,79,5,L
1951,11,Sun,0,Washington Redskins,19,178,156,2,21,103,231,2,L
1951,12,Sun,0,Chicago Bears,23,135,273,4,18,254,144,6,W
1952,1,Mon,0,Washington Redskins,7,18,86,2,21,87,196,3,L
1952,2,Sun,0,Chicago Bears,13,51,165,3,17,142,155,5,W
1952,3,Sun,0,Washington Redskins,18,95,211,3,13,77,110,1,W
1952,4,Sun,0,New York Giants,17,161,155,3,10,146,92,3,W
1952,5,Sun,0,Pittsburgh Steelers,19,208,209,2,13,199,114,3,L
1952,6,Sun,0,New York Giants,17,147,164,10,9,108,150,3,L
1952,7,Sun,0,Cleveland Browns,12,15,180,1,22,239,184,2,L
1952,8,Sun,0,Philadelphia Eagles,20,94,132,2,8,117,66,5,L
1952,9,Sun,0,Pittsburgh Steelers,19,94,184,3,14,122,104,3,L
1952,10,Sun,0,Philadelphia Eagles,11,81,97,2,21,243,111,4,W
1952,11,Sun,0,Cleveland Browns,9,98,52,5,13,175,157,6,L
1952,12,Sun,0,Chicago Bears,14,149,122,9,15,110,149,4,L
1953,1,Sun,0,Washington Redskins,17,172,162,6,10,90,135,3,L
1953,2,Sun,0,Cleveland Browns,17,128,111,5,12,272,71,2,L
1953,3,Sun,0,Pittsburgh Steelers,16,161,72,5,24,268,86,5,L
1953,4,Sun,0,New York Giants,14,156,-1,4,10,155,64,3,L
1953,5,Sun,0,Philadelphia Eagles,12,136,59,4,32,337,205,3,L
1953,6,Sun,0,New York Giants,19,249,62,6,9,110,118,5,L
1953,7,Sun,0,Washington Redskins,11,79,162,2,18,105,262,2,L
1953,8,Sun,0,Los Angeles Rams,20,149,200,3,17,117,174,3,T
1953,9,Sat,0,Philadelphia Eagles,10,53,58,4,27,280,211,4,L
1953,10,Sun,0,Cleveland Browns,18,241,133,2,18,243,115,1,L
1953,11,Sun,0,Pittsburgh Steelers,14,165,47,4,18,63,147,3,L
1953,12,Sun,0,Chicago Bears,16,174,114,3,21,324,74,2,W
1954,1,Sun,0,New York Giants,7,71,105,4,20,226,155,2,L
1954,2,Sun,0,Philadelphia Eagles,11,91,38,7,19,422,29,8,L
1954,3,Sun,0,Cleveland Browns,13,183,78,3,21,333,98,2,L
1954,4,Sun,0,New York Giants,18,121,181,5,13,171,149,4,L
1954,5,Sun,0,Cleveland Browns,8,100,60,4,23,235,92,2,L
1954,6,Sun,0,Pittsburgh Steelers,18,140,171,2,15,206,45,4,W
1954,7,Sun,0,Philadelphia Eagles,18,52,122,2,22,221,140,3,L
1954,8,Sun,0,Los Angeles Rams,23,189,191,3,15,54,189,3,L
1954,9,Sun,0,Washington Redskins,19,136,288,1,15,163,186,4,W
1954,10,Sun,0,Pittsburgh Steelers,13,218,219,7,22,174,165,2,L
1954,11,Sun,0,Chicago Bears,18,175,81,8,16,346,63,4,L
1954,12,Sun,0,Washington Redskins,18,186,78,7,25,243,221,5,L
1955,1,Mon,0,Pittsburgh Steelers,8,25,61,2,23,236,119,5,L
1955,2,Sun,0,New York Giants,9,201,152,5,21,120,245,6,W
1955,3,Sun,0,Washington Redskins,16,45,187,4,17,189,113,6,W
1955,4,Sun,0,New York Giants,10,22,112,4,9,48,167,3,L
1955,5,Sun,0,Philadelphia Eagles,18,242,180,4,19,144,190,3,T
1955,6,Sun,0,Cleveland Browns,16,148,134,5,15,62,196,3,L
1955,7,Sat,0,Pittsburgh Steelers,12,78,183,1,21,321,145,6,W
1955,8,Sun,0,Green Bay Packers,10,221,112,6,24,122,203,2,L
1955,9,Sun,0,Washington Redskins,7,34,72,6,18,77,252,1,L
1955,10,Sun,0,Chicago Bears,20,173,301,2,12,186,25,5,W
1955,11,Sun,0,Philadelphia Eagles,9,1,48,3,27,268,156,3,L
1955,12,Sun,0,Cleveland Browns,15,155,84,3,18,235,91,3,L
1956,1,Sun,0,Cleveland Browns,20,68,276,3,8,106,108,2,W
1956,2,Sun,0,New York Giants,18,136,223,5,17,176,157,3,W
1956,3,Sun,0,Washington Redskins,13,55,225,2,15,100,136,3,W
1956,4,Sun,0,Philadelphia Eagles,14,119,125,1,20,120,229,8,W
1956,5,Sun,0,Washington Redskins,19,161,138,5,17,141,193,2,L
1956,6,Sun,0,Philadelphia Eagles,17,108,154,1,18,109,126,2,W
1956,7,Sun,0,New York Giants,15,157,127,0,22,175,187,2,L
1956,8,Sun,0,Pittsburgh Steelers,15,103,151,6,15,39,241,4,L
1956,9,Sun,0,Pittsburgh Steelers,19,128,242,4,25,206,146,6,W
1956,10,Sun,0,Green Bay Packers,14,129,80,2,25,157,194,4,L
1956,11,Sun,0,Chicago Bears,11,174,91,4,16,44,258,5,L
1956,12,Sun,0,Cleveland Browns,16,31,221,2,13,151,100,4,W
1957,1,Sun,0,San Francisco 49ers,22,173,173,0,16,112,212,2,W
1957,2,Sun,0,Washington Redskins,9,147,76,1,21,180,247,0,L
1957,3,Sun,0,Pittsburgh Steelers,15,126,189,5,12,79,152,4,L
1957,4,Sun,0,Washington Redskins,20,182,256,1,20,168,169,5,W
1957,5,Sun,0,Cleveland Browns,7,54,103,2,13,42,162,1,L
1957,6,Sun,0,Philadelphia Eagles,19,281,73,6,20,199,165,3,L
1957,7,Sun,0,New York Giants,17,61,120,3,21,203,170,1,L
1957,9,Sun,0,New York Giants,14,266,89,7,18,205,202,2,L
1957,10,Sun,0,Cleveland Browns,10,16,150,4,15,167,167,2,L
1957,11,Sun,0,Chicago Bears,10,125,70,2,15,151,223,3,L
1957,12,Sat,0,Philadelphia Eagles,21,286,105,2,18,272,164,2,W
1957,13,Sun,0,Pittsburgh Steelers,10,58,38,4,19,129,168,0,L
1958,1,Sun,0,New York Giants,16,207,123,6,17,43,252,1,L
1958,2,Sat,0,Washington Redskins,26,270,261,3,13,114,133,3,W
1958,3,Sun,0,Cleveland Browns,18,241,148,4,26,122,332,1,L
1958,4,Sun,0,New York Giants,23,245,176,2,13,118,97,2,W
1958,5,Sun,0,Cleveland Browns,17,114,136,2,14,110,266,0,L
1958,6,Sun,0,Philadelphia Eagles,13,184,200,5,27,281,118,6,T
1958,7,Sun,0,Washington Redskins,23,293,91,4,27,258,242,0,L
1958,8,Sun,0,Philadelphia Eagles,19,216,105,2,28,412,102,4,L
1958,9,Sun,0,Pittsburgh Steelers,18,242,73,3,18,374,84,2,L
1958,10,Sun,0,Los Angeles Rams,17,234,60,3,18,161,145,1,L
1958,11,Sun,0,Chicago Bears,12,84,50,8,17,162,151,8,L
1958,12,Sat,0,Pittsburgh Steelers,17,244,33,7,35,472,211,3,L
1959,1,Sun,0,Washington Redskins,25,319,250,1,23,226,193,5,W
1959,2,Sun,0,Cleveland Browns,21,172,101,5,20,139,160,0,L
1959,3,Sun,0,Washington Redskins,20,194,104,4,17,112,168,3,L
1959,4,Sun,0,Cleveland Browns,13,122,98,4,18,126,169,0,L
1959,5,Sun,0,Philadelphia Eagles,14,150,163,6,22,231,168,2,L
1959,6,Sun,0,Pittsburgh Steelers,20,70,266,3,20,154,175,6,W
1959,7,Sun,0,New York Giants,6,49,114,5,11,144,130,3,L
1959,8,Sun,0,Philadelphia Eagles,11,52,129,7,18,218,159,4,L
1959,9,Sun,0,New York Giants,9,0,96,4,12,268,118,2,L
1959,10,Sun,0,Chicago Bears,13,99,171,7,15,180,93,1,L
1959,11,Sun,0,Detroit Lions,16,218,71,5,24,158,219,3,L
1959,12,Sun,0,Pittsburgh Steelers,11,114,50,4,12,185,122,1,L
1960,1,Fri,0,Los Angeles Rams,20,281,149,5,16,188,50,6,W
1960,2,Sun,0,New York Giants,11,115,107,5,18,268,137,6,L
1960,3,Sun,0,Philadelphia Eagles,20,145,219,6,14,199,94,3,L
1960,4,Sun,0,Pittsburgh Steelers,20,154,141,6,12,146,91,0,L
1960,5,Sun,0,Dallas Cowboys,17,80,226,3,9,124,51,2,W
1960,6,Sun,0,New York Giants,15,75,185,3,16,116,109,8,W
1960,7,Sun,0,Washington Redskins,25,238,261,2,9,39,139,4,W
1960,8,Sun,0,Cleveland Browns,18,215,170,3,20,168,234,3,L
1960,9,Sun,0,Washington Redskins,28,248,267,5,8,117,37,5,W
1960,10,Sun,0,Cleveland Browns,21,127,195,6,17,88,186,2,T
1960,11,Sun,0,Philadelphia Eagles,13,25,165,2,10,214,54,1,L
1960,13,Sun,0,Pittsburgh Steelers,21,108,271,1,9,150,30,4,W
1961,1,Sun,0,New York Giants,15,76,163,2,12,74,83,5,W
1961,2,Sun,0,Cleveland Browns,18,90,95,3,14,134,111,4,L
1961,3,Sun,0,Philadelphia Eagles,19,145,223,3,20,371,80,3,W
1961,4,Sun,0,New York Giants,5,132,28,7,15,153,71,2,L
1961,5,Sun,0,Philadelphia Eagles,14,121,79,2,14,212,57,1,L
1961,6,Sun,0,Washington Redskins,14,155,87,0,11,48,41,2,W
1961,7,Sun,0,Cleveland Browns,13,118,77,3,15,102,224,2,L
1961,8,Sun,0,Dallas Cowboys,13,71,122,1,18,238,136,5,W
1961,9,Sun,0,Detroit Lions,21,179,35,4,16,171,201,1,L
1961,10,Sun,0,Baltimore Colts,8,49,80,2,24,227,179,1,L
1961,11,Sun,0,Pittsburgh Steelers,12,165,59,7,19,187,160,7,L
1961,12,Sun,0,Washington Redskins,21,301,149,3,13,222,140,2,W
1961,13,Sun,0,Dallas Cowboys,14,260,74,3,8,16,110,3,W
1961,14,Sun,0,Pittsburgh Steelers,15,111,134,1,16,155,83,6,W
1962,1,Sun,0,Philadelphia Eagles,23,179,175,0,13,257,28,2,W
1962,2,Sun,0,Green Bay Packers,11,115,16,5,20,163,171,4,L
1962,3,Sun,0,Washington Redskins,23,285,66,8,14,205,89,3,L
1962,4,Sun,0,New York Giants,15,120,104,2,21,231,101,2,L
1962,5,Sun,0,Washington Redskins,16,251,58,2,15,259,62,1,T
1962,6,Sun,0,Cleveland Browns,16,101,90,3,26,351,136,0,L
1962,7,Sun,0,Dallas Cowboys,14,239,110,5,20,178,201,4,W
1962,8,Sun,0,New York Giants,29,353,141,5,15,181,85,1,L
1962,9,Sun,0,Pittsburgh Steelers,17,220,115,5,16,59,194,1,L
1962,10,Sun,0,Cleveland Browns,20,149,210,4,22,225,136,2,L
1962,11,Sun,0,San Francisco 49ers,18,150,164,3,15,97,118,0,L
1962,12,Sun,0,Pittsburgh Steelers,14,213,58,4,23,174,238,2,L
1962,13,Sun,0,Dallas Cowboys,22,310,217,3,14,188,86,5,W
1962,14,Sun,0,Philadelphia Eagles,30,415,174,2,17,419,79,4,W
1963,1,Sat,0,Dallas Cowboys,20,133,206,1,16,143,111,1,W
1963,2,Sun,0,Philadelphia Eagles,27,209,196,3,12,156,63,1,W
1963,3,Sun,0,Pittsburgh Steelers,13,166,137,5,14,38,179,1,L
1963,4,Sun,0,Minnesota Vikings,26,334,186,1,17,145,73,3,W
1963,5,Sun,0,Pittsburgh Steelers,23,408,117,3,14,215,106,1,W
1963,6,Sun,0,Green Bay Packers,12,208,40,5,21,99,225,3,L
1963,7,Sun,0,Washington Redskins,21,270,134,4,16,89,94,6,W
1963,8,Sun,0,New York Giants,19,185,129,7,19,310,116,2,L
1963,9,Sun,0,Washington Redskins,18,185,103,0,16,224,44,3,W
1963,10,Sun,0,Cleveland Browns,17,278,70,2,19,145,157,4,W
1963,11,Sun,0,New York Giants,13,57,120,1,21,208,128,4,W
1963,12,Sun,0,Cleveland Browns,13,19,179,1,23,163,240,1,L
1963,13,Sun,0,Philadelphia Eagles,11,298,60,2,17,109,160,5,W
1963,14,Sun,0,Dallas Cowboys,21,281,162,4,10,108,106,2,L
1964,1,Sat,0,Dallas Cowboys,14,199,72,2,14,151,124,3,W
1964,2,Sun,0,Cleveland Browns,17,230,114,3,18,166,115,3,T
1964,3,Sun,0,San Francisco 49ers,22,213,83,1,14,142,93,2,W
1964,4,Sun,0,Washington Redskins,20,280,174,4,13,112,96,2,W
1964,5,Mon,0,Baltimore Colts,18,94,154,2,19,116,266,1,L
1964,6,Sun,0,Washington Redskins,26,176,190,4,9,159,105,3,W
1964,7,Sun,0,Dallas Cowboys,17,145,119,4,18,130,146,1,L
1964,8,Sun,0,New York Giants,20,210,132,4,23,281,153,1,L
1964,9,Sun,0,Pittsburgh Steelers,24,227,124,1,21,239,116,3,W
1964,10,Sun,0,New York Giants,12,105,38,3,12,131,81,3,T
1964,11,Sun,0,Philadelphia Eagles,18,225,235,2,18,215,128,7,W
1964,12,Sun,0,Pittsburgh Steelers,14,124,80,5,16,148,131,4,W
1964,13,Sun,0,Cleveland Browns,25,159,150,2,18,231,106,2,W
1964,14,Sun,0,Philadelphia Eagles,28,360,105,3,22,271,140,4,W
1965,1,Sun,0,Philadelphia Eagles,19,325,32,1,23,226,132,0,L
1965,2,Sun,0,Cleveland Browns,23,320,169,2,19,168,122,6,W
1965,3,Mon,0,Dallas Cowboys,20,156,197,3,9,96,85,3,W
1965,4,Sun,0,Washington Redskins,24,206,197,2,12,175,65,4,W
1965,5,Sun,0,Pittsburgh Steelers,12,275,69,3,9,-16,158,4,W
1965,6,Sun,0,Washington Redskins,22,188,121,2,15,177,74,1,L
1965,7,Sun,0,New York Giants,21,229,209,2,19,122,137,1,L
1965,8,Sun,0,Pittsburgh Steelers,16,171,105,0,18,201,138,1,W
1965,9,Sun,0,Chicago Bears,15,217,78,1,23,274,189,2,L
1965,10,Sun,0,New York Giants,20,282,54,5,11,140,87,1,L
1965,11,Sun,0,Philadelphia Eagles,17,169,128,5,24,248,229,4,L
1965,12,Sun,0,Los Angeles Rams,11,104,62,2,22,203,177,1,L
1965,13,Sat,0,Dallas Cowboys,17,251,88,0,18,324,79,1,L
1965,14,Sun,0,Cleveland Browns,14,50,110,4,16,146,141,3,L
1966,1,Sun,0,Philadelphia Eagles,20,158,120,1,18,121,133,0,W
1966,2,Sun,0,Washington Redskins,21,237,145,2,14,190,27,3,W
1966,3,Sun,0,Cleveland Browns,13,206,107,5,25,230,143,1,W
1966,4,Sun,0,Philadelphia Eagles,8,63,84,1,17,168,62,5,W
1966,5,Sun,0,New York Giants,15,177,91,2,20,145,126,2,W
1966,6,Sun,0,Dallas Cowboys,13,130,45,0,17,191,135,4,T
1966,7,Sun,0,Washington Redskins,17,87,164,5,15,235,56,1,L
1966,8,Mon,0,Chicago Bears,11,47,119,3,16,173,109,4,W
1966,9,Sun,0,New York Giants,16,116,148,2,11,168,42,2,W
1966,10,Sun,0,Pittsburgh Steelers,14,195,56,4,6,102,48,3,L
1966,12,Sun,0,Pittsburgh Steelers,15,29,199,1,8,46,32,2,W
1966,13,Sun,0,Dallas Cowboys,21,201,94,5,11,82,108,1,L
1966,14,Sun,0,Atlanta Falcons,16,195,101,3,11,105,87,2,L
1966,15,Sat,0,Cleveland Browns,12,99,128,3,20,344,84,1,L
1967,1,Sun,0,New York Giants,20,153,205,6,15,232,104,0,L
1967,2,Sun,0,Pittsburgh Steelers,12,137,146,1,17,143,94,6,W
1967,3,Sun,0,Detroit Lions,21,313,90,1,20,194,116,3,W
1967,4,Sun,0,Minnesota Vikings,18,247,165,3,16,236,101,3,W
1967,5,Sun,0,Cleveland Browns,18,217,132,5,8,114,109,1,L
1967,6,Sun,0,Philadelphia Eagles,22,267,149,0,17,248,71,2,W
1967,7,Mon,0,Green Bay Packers,19,289,116,2,16,117,129,2,L
1967,8,Sun,0,Washington Redskins,22,236,178,2,9,117,102,3,W
1967,9,Sun,0,Pittsburgh Steelers,19,145,113,3,21,192,82,1,T
1967,10,Sun,0,Chicago Bears,15,154,76,9,13,320,141,3,L
1967,11,Thu,0,Dallas Cowboys,15,222,95,4,18,300,136,1,L
1967,12,Sun,0,New Orleans Saints,12,125,185,5,18,146,92,3,W
1967,13,Sun,0,Cleveland Browns,16,174,121,2,8,49,82,2,L
1967,14,Sun,0,New York Giants,19,262,68,3,20,275,143,2,L
1968,1,Mon,0,Los Angeles Rams,18,169,75,3,15,84,154,1,L
1968,2,Sun,0,San Francisco 49ers,13,123,105,4,22,263,132,3,L
1968,3,Sun,0,New Orleans Saints,14,97,122,1,18,227,96,1,W
1968,4,Sun,0,Dallas Cowboys,14,173,78,2,22,103,194,1,L
1968,5,Sun,0,Cleveland Browns,20,135,147,2,15,311,22,2,W
1968,6,Sun,0,Washington Redskins,24,148,173,1,21,257,56,2,W
1968,7,Sun,0,New Orleans Saints,18,226,166,2,16,185,116,1,W
1968,8,Sun,0,Philadelphia Eagles,21,176,186,1,17,230,112,1,W
1968,9,Sun,0,Pittsburgh Steelers,17,337,88,2,17,280,83,0,T
1968,10,Sun,0,Baltimore Colts,16,144,58,5,17,256,170,3,L
1968,11,Sun,0,Atlanta Falcons,17,127,133,3,10,102,60,1,W
1968,12,Sun,0,Pittsburgh Steelers,18,137,185,2,13,90,77,3,W
1968,13,Sun,0,New York Giants,19,74,277,3,22,284,157,2,W
1968,14,Sat,0,Cleveland Browns,16,121,203,0,13,189,129,0,W
1969,1,Sun,0,Dallas Cowboys,10,199,58,3,14,210,152,2,L
1969,2,Sun,0,Chicago Bears,11,86,84,2,26,242,129,2,W
1969,3,Sun,0,Pittsburgh Steelers,17,241,103,4,20,245,100,5,W
1969,4,Sun,0,Washington Redskins,14,127,99,5,23,222,155,2,L
1969,5,Sun,0,Minnesota Vikings,7,90,79,1,19,216,116,1,L
1969,6,Sun,0,Cleveland Browns,19,306,139,1,19,230,106,1,T
1969,7,Sun,0,New Orleans Saints,19,374,104,4,26,345,163,1,L
1969,8,Sun,0,New York Giants,23,206,197,0,21,240,103,1,W
1969,9,Sun,0,Detroit Lions,16,150,89,3,14,232,65,0,L
1969,10,Sun,0,Philadelphia Eagles,23,282,132,2,19,254,76,2,L
1969,11,Sun,0,Pittsburgh Steelers,25,205,196,2,10,110,77,4,W
1969,12,Sun,0,New York Giants,10,136,45,4,33,327,190,2,L
1969,13,Sun,0,Cleveland Browns,16,158,61,2,17,237,104,2,L
1969,14,Sun,0,Green Bay Packers,14,179,60,2,28,422,108,2,L
1970,1,Fri,11:00PM ET,Los Angeles Rams,15,228,99,4,17,185,157,1,L
1970,2,Sun,2:00PM ET,Washington Redskins,22,123,174,3,20,107,147,3,W
1970,3,Sun,2:00PM ET,Dallas Cowboys,15,164,145,2,17,128,141,2,W
1970,4,Sun,2:00PM ET,New Orleans Saints,17,236,196,3,19,212,130,2,W
1970,5,Sun,1:00PM ET,Philadelphia Eagles,17,101,198,2,17,132,146,3,W
1970,6,Sun,1:00PM ET,New York Giants,19,203,126,2,20,268,103,1,L
1970,7,Sun,2:00PM ET,Houston Oilers,20,274,180,0,9,81,79,3,W
1970,8,Sun,2:00PM ET,Boston Patriots,15,132,151,1,19,159,36,4,W
1970,9,Mon,9:00PM ET,Dallas Cowboys,19,150,242,1,14,140,103,6,W
1970,10,Sun,4:00PM ET,Kansas City Chiefs,17,119,153,4,11,43,169,3,T
1970,11,Sun,3:00PM ET,Philadelphia Eagles,17,181,156,1,19,170,106,2,W
1970,12,Sun,1:00PM ET,Detroit Lions,6,108,38,5,18,119,160,2,L
1970,13,Sun,2:00PM ET,New York Giants,13,273,71,2,22,217,144,0,L
1970,14,Sun,1:00PM ET,Washington Redskins,14,181,69,3,20,146,141,3,L
1971,1,Sun,2:00PM ET,Washington Redskins,13,138,117,7,10,65,148,1,L
1971,2,Mon,9:00PM ET,New York Jets,15,222,118,1,18,121,118,0,W
1971,3,Sun,4:00PM ET,New York Giants,14,176,129,4,16,220,81,2,L
1971,4,Sun,1:00PM ET,Atlanta Falcons,16,112,151,0,15,119,94,6,W
1971,5,Sun,1:00PM ET,Washington Redskins,11,180,25,7,21,120,229,2,L
1971,6,Sun,2:00PM ET,San Francisco 49ers,15,176,108,3,16,226,140,0,L
1971,7,Sun,1:00PM ET,Buffalo Bills,24,163,142,0,19,247,62,3,W
1971,8,Sun,2:00PM ET,Dallas Cowboys,11,192,36,1,20,199,173,0,L
1971,9,Mon,9:00PM ET,San Diego Chargers,21,214,132,3,21,249,140,3,L
1971,10,Sun,2:00PM ET,Philadelphia Eagles,15,248,85,8,17,134,133,2,L
1971,11,Sun,1:00PM ET,New York Giants,21,137,207,3,15,211,74,6,W
1971,12,Sun,4:00PM ET,Green Bay Packers,12,225,80,1,19,146,211,3,T
1971,13,Sun,1:00PM ET,Philadelphia Eagles,10,161,112,5,19,205,177,1,L
1971,14,Sat,4:00PM ET,Dallas Cowboys,14,127,88,3,18,118,205,4,L
1972,1,Sun,2:00PM ET,Baltimore Colts,5,88,46,0,20,247,117,3,W
1972,2,Sun,1:00PM ET,Washington Redskins,16,140,79,3,19,91,181,0,L
1972,3,Sun,2:00PM ET,Pittsburgh Steelers,15,190,58,4,20,209,153,2,L
1972,4,Sun,2:00PM ET,Minnesota Vikings,12,153,109,0,21,113,179,2,W
1972,5,Sun,2:00PM ET,Washington Redskins,10,85,66,4,20,230,160,3,L
1972,6,Sun,1:00PM ET,New York Giants,13,108,83,3,16,209,107,3,L
1972,7,Sun,2:00PM ET,Chicago Bears,17,119,150,4,15,180,149,2,L
1972,8,Sun,1:00PM ET,Philadelphia Eagles,14,82,146,2,17,200,99,1,T
1972,9,Sun,2:00PM ET,Dallas Cowboys,16,274,54,3,23,197,230,1,L
1972,10,Sun,2:00PM ET,New York Giants,12,21,186,2,16,97,150,0,L
1972,11,Mon,9:00PM ET,Miami Dolphins,12,173,51,6,24,226,200,2,L
1972,12,Sun,4:00PM ET,Dallas Cowboys,10,89,52,5,18,140,209,5,L
1972,13,Sun,2:00PM ET,Los Angeles Rams,11,192,77,1,29,240,151,3,W
1972,14,Sun,2:00PM ET,Philadelphia Eagles,18,324,72,2,18,171,104,0,W
1973,1,Sun,1:00PM ET,Philadelphia Eagles,20,195,197,3,18,143,109,3,W
1973,2,Sun,2:00PM ET,Washington Redskins,20,278,65,0,22,291,69,1,W
1973,3,Sun,2:00PM ET,Dallas Cowboys,17,246,44,4,31,328,250,2,L
1973,4,Sun,2:00PM ET,Oakland Raiders,17,88,120,0,32,199,247,2,L
1973,5,Sun,2:00PM ET,Philadelphia Eagles,14,278,65,1,20,351,102,1,L
1973,6,Sun,1:00PM ET,Washington Redskins,12,202,46,5,23,286,142,7,L
1973,7,Sun,2:00PM ET,New York Giants,19,220,160,0,29,332,95,1,W
1973,8,Sun,2:00PM ET,Denver Broncos,18,168,93,2,15,190,104,1,T
1973,9,Sun,2:00PM ET,Green Bay Packers,19,187,71,1,21,62,243,1,L
1973,10,Sun,1:00PM ET,New York Giants,14,214,68,3,21,186,172,1,L
1973,11,Sun,1:00PM ET,Cincinnati Bengals,24,160,195,3,25,167,199,1,L
1973,12,Sun,2:00PM ET,Detroit Lions,19,132,169,1,17,211,92,0,L
1973,13,Sun,1:00PM ET,Atlanta Falcons,15,9,243,2,9,31,89,5,W
1973,14,Sun,2:00PM ET,Dallas Cowboys,10,6,135,4,24,252,207,1,L
1974,1,Sun,2:00PM ET,Philadelphia Eagles,18,192,126,3,20,174,113,2,W
1974,2,Sun,1:00PM ET,Washington Redskins,12,49,175,0,21,200,132,2,W
1974,3,Sun,2:00PM ET,Cleveland Browns,14,107,171,0,11,155,93,1,W
1974,4,Sun,4:00PM ET,San Francisco 49ers,21,184,223,2,12,120,186,3,W
1974,5,Sun,2:00PM ET,Dallas Cowboys,17,236,138,0,24,224,146,1,W
1974,6,Sun,2:00PM ET,Houston Oilers,23,134,211,2,21,348,85,3,W
1974,7,Sun,2:00PM ET,Washington Redskins,15,190,115,0,19,176,116,1,W
1974,8,Sun,2:00PM ET,Dallas Cowboys,19,82,134,0,22,146,132,0,L
1974,9,Mon,9:00PM ET,Minnesota Vikings,23,341,95,3,18,126,178,1,L
1974,10,Sun,1:00PM ET,Philadelphia Eagles,16,100,188,2,13,134,71,3,W
1974,11,Sun,1:00PM ET,New York Giants,20,259,82,0,20,257,104,1,W
1974,12,Sun,2:00PM ET,Kansas City Chiefs,15,170,82,3,13,84,156,2,L
1974,13,Sun,1:00PM ET,New Orleans Saints,12,150,64,1,17,87,228,1,L
1974,14,Sun,2:00PM ET,New York Giants,22,164,152,1,18,132,148,4,W
1975,1,Sun,2:00PM ET,Atlanta Falcons,18,150,167,3,19,58,236,2,W
1975,2,Sun,2:00PM ET,Dallas Cowboys,19,314,118,3,28,288,160,2,L
1975,3,Sun,2:00PM ET,New York Giants,18,125,254,2,19,138,126,1,W
1975,4,Mon,9:00PM ET,Washington Redskins,13,220,68,5,21,189,158,2,L
1975,5,Sun,2:00PM ET,Philadelphia Eagles,22,125,278,4,16,148,102,3,W
1975,6,Sat,1:00PM ET,New York Giants,14,189,125,0,22,199,82,4,W
1975,7,Sun,2:00PM ET,New England Patriots,18,158,115,3,17,152,122,3,W
1975,8,Sun,1:00PM ET,Philadelphia Eagles,23,208,153,2,17,239,87,2,W
1975,9,Sun,4:00PM ET,Washington Redskins,31,197,230,4,16,252,145,5,W
1975,10,Sun,1:00PM ET,New York Jets,23,267,209,3,22,166,157,3,W
1975,11,Thu,3:30PM ET,Buffalo Bills,16,156,54,7,25,128,264,3,L
1975,12,Sun,2:00PM ET,Dallas Cowboys,22,199,169,1,28,255,118,3,W
1975,13,Sun,2:00PM ET,Chicago Bears,19,172,190,1,18,259,67,2,W
1975,14,Sun,1:00PM ET,Detroit Lions,20,73,272,1,16,199,101,2,W
1976,1,Sun,4:00PM ET,Seattle Seahawks,25,175,281,2,17,279,73,3,W
1976,2,Sun,2:00PM ET,Green Bay Packers,22,212,208,0,7,69,62,7,W
1976,3,Sun,4:00PM ET,San Diego Chargers,22,240,124,5,24,245,206,0,L
1976,4,Sun,2:00PM ET,New York Giants,25,117,187,0,23,207,137,1,W
1976,5,Sun,2:00PM ET,Philadelphia Eagles,29,186,198,1,14,117,58,4,W
1976,6,Sun,4:00PM ET,Dallas Cowboys,26,346,90,4,23,229,151,1,W
1976,7,Mon,9:00PM ET,Washington Redskins,15,206,100,10,15,23,117,3,L
1976,8,Sun,2:00PM ET,San Francisco 49ers,17,225,148,1,23,117,265,2,W
1976,9,Sun,1:00PM ET,Philadelphia Eagles,20,132,185,2,14,143,127,4,W
1976,10,Sun,4:00PM ET,Los Angeles Rams,23,324,93,2,15,161,122,1,W
1976,11,Sun,4:00PM ET,Washington Redskins,16,155,152,4,20,110,247,3,L
1976,12,Thu,3:30PM ET,Dallas Cowboys,24,249,128,2,16,126,169,3,L
1976,13,Sat,1:00PM ET,Baltimore Colts,20,198,177,1,12,217,62,5,W
1976,14,Sun,1:00PM ET,New York Giants,23,70,230,3,16,67,183,2,W
1977,1,Sun,4:00PM ET,Denver Broncos,12,204,69,1,15,122,136,4,L
1977,2,Sun,2:00PM ET,Chicago Bears,17,215,133,4,18,184,101,2,W
1977,3,Sun,4:00PM ET,Washington Redskins,19,223,106,3,16,198,163,1,L
1977,4,Sun,2:00PM ET,Dallas Cowboys,15,174,146,2,22,124,264,2,L
1977,5,Sun,1:00PM ET,Philadelphia Eagles,16,209,128,1,14,258,96,4,W
1977,6,Sun,2:00PM ET,New Orleans Saints,31,243,244,2,23,275,165,2,W
1977,7,Mon,9:00PM ET,New York Giants,18,113,145,2,18,143,158,4,W
1977,8,Sun,4:00PM ET,Minnesota Vikings,23,143,316,4,16,130,107,3,W
1977,9,Mon,9:00PM ET,Dallas Cowboys,19,137,158,2,16,80,156,3,W
1977,10,Sun,2:00PM ET,Philadelphia Eagles,19,226,142,2,19,175,101,2,W
1977,11,Thu,3:30PM ET,Miami Dolphins,13,156,54,3,34,208,295,1,L
1977,12,Sun,1:00PM ET,New York Giants,15,161,91,3,20,84,236,0,L
1977,13,Sat,3:30PM ET,Washington Redskins,13,133,176,4,16,115,151,2,L
1977,14,Sun,1:00PM ET,Tampa Bay Buccaneers,17,162,134,4,11,171,108,1,L
1978,1,Sun,2:00PM ET,Chicago Bears,16,137,99,2,19,49,194,0,L
1978,2,Sun,2:00PM ET,New England Patriots,9,136,57,3,21,172,269,4,L
1978,3,Sun,2:00PM ET,Washington Redskins,19,196,132,1,16,47,255,0,L
1978,4,Sun,4:00PM ET,Dallas Cowboys,16,195,115,0,21,173,216,2,L
1978,5,Sun,1:00PM ET,Miami Dolphins,19,211,140,1,16,144,123,1,L
1978,6,Sun,2:00PM ET,Baltimore Colts,21,198,145,3,14,66,156,2,L
1978,7,Sun,2:00PM ET,Dallas Cowboys,21,236,136,3,24,287,131,4,L
1978,8,Sun,1:00PM ET,New York Jets,13,144,160,3,21,123,170,0,L
1978,9,Sun,1:00PM ET,Philadelphia Eagles,15,260,94,3,19,220,132,5,W
1978,10,Sun,1:00PM ET,New York Giants,17,211,139,1,22,169,142,5,W
1978,11,Sun,4:00PM ET,San Francisco 49ers,21,221,114,2,16,146,118,3,W
1978,12,Sun,1:00PM ET,Washington Redskins,18,137,166,2,14,193,18,3,W
1978,13,Sun,2:00PM ET,Philadelphia Eagles,17,192,102,3,15,149,95,0,L
1978,14,Sun,2:00PM ET,Detroit Lions,18,151,133,1,16,119,105,5,W
1978,15,Sun,1:00PM ET,New York Giants,17,198,143,5,14,24,231,2,L
1978,16,Sun,2:00PM ET,Atlanta Falcons,24,348,79,2,18,270,41,6,W
1979,1,Sun,2:00PM ET,Dallas Cowboys,17,105,237,2,24,294,161,1,L
1979,2,Sun,1:00PM ET,New York Giants,23,159,189,4,10,88,40,3,W
1979,3,Sun,4:00PM ET,Pittsburgh Steelers,12,106,106,1,25,234,164,4,L
1979,4,Sun,2:00PM ET,Washington Redskins,23,281,95,5,11,91,100,1,L
1979,5,Sun,4:00PM ET,Los Angeles Rams,9,149,82,3,24,206,186,2,L
1979,6,Sun,2:00PM ET,Houston Oilers,26,253,194,4,13,165,57,3,W
1979,7,Sun,1:00PM ET,Philadelphia Eagles,18,191,131,3,19,123,139,4,L
1979,8,Sun,2:00PM ET,Dallas Cowboys,18,98,137,2,12,164,155,3,L
1979,9,Sun,2:00PM ET,Cleveland Browns,16,173,109,3,27,192,226,2,L
1979,10,Sun,2:00PM ET,Minnesota Vikings,29,142,325,3,23,263,70,4,W
1979,11,Sun,1:00PM ET,Washington Redskins,23,184,147,4,22,173,154,1,L
1979,12,Sun,1:00PM ET,Philadelphia Eagles,12,172,134,0,14,130,157,0,L
1979,13,Sun,1:00PM ET,Cincinnati Bengals,26,317,163,6,20,153,189,0,L
1979,14,Sun,2:00PM ET,San Francisco 49ers,16,75,211,1,16,171,119,2,W
1979,15,Sun,1:00PM ET,New York Giants,26,174,232,2,15,171,86,5,W
1979,16,Sun,2:00PM ET,Chicago Bears,11,23,90,2,27,255,201,2,L
1980,1,Sun,1:00PM ET,New York Giants,20,287,132,5,19,274,104,1,L
1980,2,Sun,4:00PM ET,San Francisco 49ers,21,256,86,4,19,260,132,4,L
1980,3,Sun,1:00PM ET,Detroit Lions,20,242,82,2,19,139,181,0,L
1980,4,Sun,2:00PM ET,Philadelphia Eagles,19,108,195,1,19,210,109,3,W
1980,5,Sun,1:00PM ET,New Orleans Saints,29,103,330,0,3,65,15,3,W
1980,6,Sun,2:00PM ET,Los Angeles Rams,18,152,82,1,24,91,244,3,L
1980,7,Sun,1:00PM ET,Washington Redskins,17,147,82,3,21,316,137,2,L
1980,8,Sun,2:00PM ET,Baltimore Colts,13,171,95,2,21,177,48,2,W
1980,9,Sun,2:00PM ET,Dallas Cowboys,18,217,143,2,16,252,58,2,L
1980,10,Sun,2:00PM ET,Atlanta Falcons,19,329,86,5,34,354,209,2,L
1980,11,Sun,2:00PM ET,Dallas Cowboys,16,188,141,1,26,276,184,2,L
1980,12,Sun,2:00PM ET,Kansas City Chiefs,16,194,125,2,23,192,129,3,L
1980,13,Sun,1:00PM ET,New York Giants,19,136,225,2,13,83,106,3,W
1980,14,Sun,2:00PM ET,Detroit Lions,14,99,126,1,16,183,121,1,W
1980,15,Sun,1:00PM ET,Philadelphia Eagles,8,59,67,2,18,236,108,1,L
1980,16,Sun,1:00PM ET,Washington Redskins,14,-12,186,4,20,217,174,2,L
1981,1,Sun,1:00PM ET,Miami Dolphins,14,142,61,2,14,141,151,3,L
1981,2,Sun,4:00PM ET,Dallas Cowboys,18,262,142,2,24,210,181,2,L
1981,3,Sun,1:00PM ET,Washington Redskins,18,208,107,0,24,388,133,2,W
1981,4,Sun,4:00PM ET,Tampa Bay Buccaneers,18,79,176,2,18,154,167,1,L
1981,5,Sun,1:00PM ET,Dallas Cowboys,18,184,115,3,17,166,140,2,W
1981,6,Sun,4:00PM ET,New York Giants,19,184,101,4,27,179,198,1,L
1981,7,Sun,1:00PM ET,Atlanta Falcons,22,263,120,4,17,280,114,2,L
1981,8,Sun,1:00PM ET,Minnesota Vikings,18,182,138,2,22,318,69,3,W
1981,9,Sun,4:00PM ET,Washington Redskins,29,319,130,4,25,201,160,1,L
1981,10,Sun,1:00PM ET,Philadelphia Eagles,13,158,81,5,30,255,197,1,L
1981,11,Sun,1:00PM ET,Buffalo Bills,22,80,258,1,17,226,85,6,W
1981,12,Sun,2:00PM ET,Baltimore Colts,24,211,241,3,22,230,155,2,W
1981,13,Sun,1:00PM ET,New England Patriots,25,255,157,2,19,226,127,2,W
1981,14,Sun,1:00PM ET,New Orleans Saints,19,135,155,1,11,59,117,3,W
1981,15,Sun,1:00PM ET,New York Giants,12,130,92,3,16,77,175,2,L
1981,16,Sun,1:00PM ET,Philadelphia Eagles,11,72,139,6,25,185,259,5,L
1982,1,Sun,1:00PM ET,New Orleans Saints,15,54,96,1,16,183,107,4,W
1982,2,Sun,1:00PM ET,Dallas Cowboys,19,249,62,1,19,246,133,2,L
1982,11,Sun,4:00PM ET,San Francisco 49ers,15,146,108,0,22,371,77,3,L
1982,12,Sun,1:00PM ET,Atlanta Falcons,20,96,203,0,20,143,131,2,W
1982,13,Sun,1:00PM ET,Philadelphia Eagles,25,129,231,2,14,145,100,2,W
1982,14,Sun,1:00PM ET,Washington Redskins,19,225,131,3,18,170,122,1,L
1982,15,Sun,1:00PM ET,Chicago Bears,17,93,147,3,14,155,118,1,W
1982,16,Sun,1:00PM ET,New York Giants,22,186,190,1,22,316,78,0,W
1982,17,Sun,1:00PM ET,Washington Redskins,10,155,41,5,18,124,129,0,L
1983,1,Sun,12:00PM ET,New Orleans Saints,20,225,115,1,15,111,272,2,L
1983,2,Sun,1:00PM ET,Dallas Cowboys,16,260,53,6,19,214,115,2,L
1983,3,Sun,1:00PM ET,San Francisco 49ers,22,172,213,2,24,336,191,2,L
1983,4,Sun,1:00PM ET,Philadelphia Eagles,17,89,195,3,15,180,78,4,W
1983,5,Sun,4:00PM ET,Kansas City Chiefs,10,71,123,9,17,183,106,6,L
1983,6,Sun,1:00PM ET,Washington Redskins,18,228,82,4,22,138,182,0,L
1983,7,Sun,1:00PM ET,Tampa Bay Buccaneers,17,143,136,2,17,196,74,3,W
1983,8,Mon,9:00PM ET,New York Giants,23,184,200,3,18,162,112,3,T
1983,9,Sun,1:00PM ET,Minnesota Vikings,24,238,182,2,23,289,59,3,W
1983,10,Sun,4:00PM ET,Washington Redskins,15,188,79,5,23,165,209,2,L
1983,11,Sun,1:00PM ET,Seattle Seahawks,22,231,177,2,15,165,84,2,W
1983,12,Sun,1:00PM ET,San Diego Chargers,18,205,173,2,16,281,34,6,W
1983,13,Thu,4:00PM ET,Dallas Cowboys,14,189,89,3,17,230,132,0,L
1983,14,Sun,1:00PM ET,New York Giants,10,81,80,2,9,81,61,5,W
1983,15,Sun,4:00PM ET,Los Angeles Raiders,26,217,149,0,23,212,115,4,W
1983,16,Sun,1:00PM ET,Philadelphia Eagles,24,147,231,2,13,224,14,4,W
1984,1,Sun,1:00PM ET,Green Bay Packers,19,260,157,1,21,164,102,1,L
1984,2,Sun,1:00PM ET,Buffalo Bills,28,265,221,0,9,117,54,3,W
1984,3,Sun,1:00PM ET,Indianapolis Colts,19,265,132,3,22,210,189,3,W
1984,4,Sun,1:00PM ET,New Orleans Saints,22,224,113,3,25,298,152,2,L
1984,5,Sun,1:00PM ET,Miami Dolphins,24,308,137,1,26,420,132,0,L
1984,6,Sun,1:00PM ET,Dallas Cowboys,23,325,152,0,19,177,121,3,W
1984,7,Sun,1:00PM ET,Chicago Bears,23,230,124,1,20,192,178,3,W
1984,8,Sun,1:00PM ET,Washington Redskins,22,336,120,2,21,193,103,1,W
1984,9,Sun,1:00PM ET,Philadelphia Eagles,23,271,156,1,15,290,47,4,W
1984,10,Sun,4:00PM ET,Los Angeles Rams,20,293,69,4,11,60,201,1,L
1984,11,Sun,4:00PM ET,Dallas Cowboys,25,357,78,6,16,134,116,2,L
1984,12,Sun,1:00PM ET,New York Giants,20,203,133,6,14,165,102,2,L
1984,13,Sun,1:00PM ET,Philadelphia Eagles,12,100,119,3,17,196,95,2,W
1984,14,Sun,1:00PM ET,New England Patriots,20,85,220,1,14,136,87,3,W
1984,15,Sun,1:00PM ET,New York Giants,22,291,114,2,20,159,148,2,W
1984,16,Sun,1:00PM ET,Washington Redskins,23,444,43,2,22,260,96,1,L
1985,1,Sun,1:00PM ET,Cleveland Browns,15,186,100,0,19,181,176,3,W
1985,2,Sun,1:00PM ET,Cincinnati Bengals,27,237,210,2,20,254,116,2,W
1985,3,Sun,1:00PM ET,New York Giants,18,206,83,3,19,163,155,1,L
1985,4,Sun,1:00PM ET,Green Bay Packers,24,233,164,1,24,238,216,3,W
1985,5,Mon,9:00PM ET,Washington Redskins,17,215,95,6,17,67,238,2,L
1985,6,Sun,1:00PM ET,Philadelphia Eagles,12,187,81,2,18,243,111,0,L
1985,7,Sun,1:00PM ET,Pittsburgh Steelers,22,160,126,3,15,184,142,1,L
1985,8,Sun,1:00PM ET,Houston Oilers,22,240,187,1,13,171,58,2,L
1985,9,Mon,9:00PM ET,Dallas Cowboys,19,237,49,0,18,159,89,3,W
1985,10,Sun,1:00PM ET,Tampa Bay Buccaneers,17,184,95,3,16,182,124,2,L
1985,11,Sun,1:00PM ET,Philadelphia Eagles,20,147,237,0,21,107,176,1,L
1985,12,Sun,4:00PM ET,New York Giants,13,181,40,5,20,152,161,2,L
1985,13,Thu,3:00PM ET,Dallas Cowboys,24,281,84,3,23,277,116,1,L
1985,14,Sun,1:00PM ET,New Orleans Saints,24,197,186,0,21,216,71,2,W
1985,15,Sun,4:00PM ET,Los Angeles Rams,14,131,82,3,22,217,208,0,L
1985,16,Sat,4:00PM ET,Washington Redskins,13,90,155,2,28,192,221,2,L
1986,1,Sun,1:00PM ET,Los Angeles Rams,14,177,70,2,17,70,199,2,L
1986,2,Sun,1:00PM ET,Atlanta Falcons,15,159,106,1,23,152,190,0,L
1986,3,Sun,1:00PM ET,Buffalo Bills,25,259,122,1,10,82,94,1,L
1986,4,Mon,9:00PM ET,Dallas Cowboys,13,92,133,4,18,180,107,2,L
1986,5,Sun,1:00PM ET,New York Giants,12,158,83,2,8,83,61,1,L
1986,6,Sun,1:00PM ET,Tampa Bay Buccaneers,23,213,218,1,19,257,90,0,W
1986,7,Sun,1:00PM ET,Washington Redskins,20,124,118,1,21,232,122,3,L
1986,8,Sun,4:00PM ET,Dallas Cowboys,11,152,48,1,30,268,177,1,L
1986,9,Sun,1:00PM ET,Philadelphia Eagles,14,68,122,1,17,133,95,0,W
1986,10,Sun,4:00PM ET,San Francisco 49ers,22,269,95,4,23,296,164,1,L
1986,11,Sun,1:00PM ET,New Orleans Saints,21,168,114,3,15,76,182,0,L
1986,12,Sun,4:00PM ET,Kansas City Chiefs,17,162,92,2,20,209,82,4,W
1986,13,Sun,1:00PM ET,Washington Redskins,13,123,148,0,23,256,97,1,L
1986,14,Sun,1:00PM ET,Philadelphia Eagles,23,356,105,1,25,124,230,1,T
1986,15,Sun,1:00PM ET,New York Giants,15,100,84,2,20,62,251,2,L
1986,16,Sun,1:00PM ET,Tampa Bay Buccaneers,15,136,129,3,15,157,86,3,W
1987,1,Sun,1:00PM ET,Dallas Cowboys,20,252,108,0,19,197,125,1,W
1987,2,Sun,4:00PM ET,San Diego Chargers,24,412,59,2,17,152,130,2,L
1987,4,Sun,1:00PM ET,Washington Redskins,27,231,167,0,18,334,118,1,L
1987,5,Sun,1:00PM ET,New Orleans Saints,9,4,139,1,30,155,213,4,W
1987,6,Sun,4:00PM ET,San Francisco 49ers,18,164,160,3,28,327,121,3,L
1987,7,Sun,4:00PM ET,New York Giants,19,257,51,4,21,232,162,1,L
1987,8,Sun,1:00PM ET,Philadelphia Eagles,27,232,177,3,14,266,62,2,L
1987,9,Sun,1:00PM ET,Tampa Bay Buccaneers,26,278,137,2,26,294,83,1,W
1987,10,Sun,1:00PM ET,Los Angeles Rams,19,156,124,1,21,144,239,2,L
1987,11,Sun,1:00PM ET,Philadelphia Eagles,18,232,92,3,17,240,60,3,W
1987,12,Sun,1:00PM ET,Atlanta Falcons,24,363,113,2,18,147,120,4,W
1987,13,Sun,1:00PM ET,Washington Redskins,21,195,128,2,18,231,180,3,L
1987,14,Sun,4:00PM ET,New York Giants,23,164,158,0,23,335,62,2,W
1987,15,Sun,4:00PM ET,Tampa Bay Buccaneers,24,217,134,2,19,207,163,4,W
1987,16,Sun,1:00PM ET,Dallas Cowboys,26,296,126,2,17,122,163,0,L
1988,1,Sun,1:00PM ET,Cincinnati Bengals,23,207,167,2,21,251,152,1,L
1988,2,Mon,8:00PM ET,Dallas Cowboys,22,237,130,1,18,162,190,1,L
1988,3,Sun,1:00PM ET,Tampa Bay Buccaneers,24,294,181,0,15,184,114,3,W
1988,4,Sun,4:00PM ET,Washington Redskins,18,138,185,1,20,282,53,2,W
1988,5,Sun,4:00PM ET,Los Angeles Rams,30,332,187,1,23,268,85,3,W
1988,6,Sun,4:00PM ET,Pittsburgh Steelers,21,285,103,3,10,125,78,2,W
1988,7,Sun,1:00PM ET,Washington Redskins,23,305,76,2,16,289,97,1,L
1988,8,Sun,4:00PM ET,Cleveland Browns,27,161,169,4,21,301,68,4,L
1988,9,Sun,1:00PM ET,Dallas Cowboys,15,135,160,0,11,103,125,2,W
1988,10,Sun,4:00PM ET,San Francisco 49ers,21,288,67,3,22,117,240,0,W
1988,11,Sun,4:00PM ET,New York Giants,24,351,144,2,21,188,92,0,W
1988,12,Sun,1:00PM ET,Houston Oilers,17,254,60,2,23,261,124,0,L
1988,13,Sun,1:00PM ET,Philadelphia Eagles,25,202,167,5,17,201,91,4,L
1988,14,Sun,1:00PM ET,New York Giants,7,91,67,5,25,131,170,1,L
1988,15,Sat,4:00PM ET,Philadelphia Eagles,23,353,46,3,16,142,141,2,L
1988,16,Sun,4:00PM ET,Green Bay Packers,16,147,118,1,22,239,105,3,L
1989,1,Sun,1:00PM ET,Detroit Lions,19,264,65,1,13,99,159,1,W
1989,2,Sun,4:00PM ET,Seattle Seahawks,25,298,171,2,23,269,77,1,W
1989,3,Sun,1:00PM ET,New York Giants,16,183,65,6,16,204,162,1,L
1989,4,Sun,4:00PM ET,San Diego Chargers,17,232,69,4,13,165,103,0,L
1989,5,Sun,4:00PM ET,Washington Redskins,19,291,90,4,28,333,175,1,L
1989,6,Sun,4:00PM ET,Philadelphia Eagles,20,223,114,8,18,186,167,4,L
1989,7,Sun,4:00PM ET,Atlanta Falcons,21,174,125,1,22,240,111,2,W
1989,8,Sun,1:00PM ET,Dallas Cowboys,17,142,158,0,18,264,45,3,W
1989,9,Sun,4:00PM ET,New York Giants,14,111,75,1,22,174,210,2,L
1989,10,Sun,4:00PM ET,Dallas Cowboys,15,316,69,0,21,367,77,4,W
1989,11,Sun,4:00PM ET,Los Angeles Rams,13,216,76,4,16,301,135,1,L
1989,12,Sun,4:00PM ET,Tampa Bay Buccaneers,12,194,43,2,23,139,121,2,L
1989,13,Sun,4:00PM ET,Washington Redskins,15,234,29,3,23,168,135,1,L
1989,14,Sun,4:00PM ET,Los Angeles Raiders,18,126,122,2,19,230,154,1,L
1989,15,Sat,4:00PM ET,Denver Broncos,7,79,22,3,28,271,204,2,L
1989,16,Sun,1:00PM ET,Philadelphia Eagles,14,197,68,3,26,165,267,1,L
1990,1,Sun,1:00PM ET,Washington Redskins,20,206,88,5,19,229,118,0,L
1990,2,Sun,1:00PM ET,Philadelphia Eagles,14,89,145,1,17,223,104,3,W
1990,3,Sun,1:00PM ET,New Orleans Saints,15,186,111,2,21,146,151,1,L
1990,4,Sun,8:00PM ET,Washington Redskins,13,80,112,1,26,257,179,0,L
1990,6,Sun,4:00PM ET,Dallas Cowboys,23,191,223,2,9,34,66,3,W
1990,7,Sun,4:00PM ET,New York Giants,14,96,125,0,18,164,157,2,L
1990,8,Sun,4:00PM ET,Chicago Bears,19,223,108,1,20,159,223,1,L
1990,9,Sun,1:00PM ET,Miami Dolphins,11,131,74,2,20,205,145,1,L
1990,10,Sun,1:00PM ET,Buffalo Bills,11,46,81,4,20,154,206,2,L
1990,11,Sun,4:00PM ET,Green Bay Packers,21,280,161,2,22,250,125,2,L
1990,12,Sun,4:00PM ET,New England Patriots,25,162,201,1,16,142,114,2,W
1990,13,Sun,4:00PM ET,Indianapolis Colts,17,144,132,1,14,142,109,2,W
1990,14,Sun,1:00PM ET,Atlanta Falcons,20,216,145,2,15,222,96,4,W
1990,15,Sun,1:00PM ET,Dallas Cowboys,9,151,49,4,25,166,188,3,L
1990,16,Sun,4:00PM ET,New York Giants,20,368,84,2,20,185,163,0,L
1990,17,Sat,4:00PM ET,Philadelphia Eagles,18,264,73,2,24,220,174,1,L
1991,1,Sun,4:00PM ET,Los Angeles Rams,13,124,69,0,25,276,99,7,W
1991,2,Sun,1:00PM ET,Philadelphia Eagles,10,217,80,2,17,229,78,6,W
1991,3,Sun,1:00PM ET,Washington Redskins,10,110,55,4,22,181,169,2,L
1991,4,Sun,8:00PM ET,Dallas Cowboys,20,220,102,1,11,139,181,1,L
1991,5,Sun,4:00PM ET,New England Patriots,24,300,135,3,12,99,115,3,W
1991,6,Sun,4:00PM ET,New York Giants,21,214,93,2,19,200,168,1,L
1991,7,Sun,1:00PM ET,Minnesota Vikings,17,204,50,1,25,254,131,0,L
1991,8,Sun,4:00PM ET,Atlanta Falcons,16,98,168,2,15,211,107,5,W
1991,9,Sun,4:00PM ET,Minnesota Vikings,7,122,36,3,23,142,212,1,L
1991,10,Sun,4:00PM ET,Dallas Cowboys,16,130,109,3,22,165,121,2,L
1991,11,Sun,4:00PM ET,New York Giants,14,189,55,2,17,110,180,1,L
1991,12,Sun,4:00PM ET,San Francisco 49ers,13,112,64,0,22,169,88,1,L
1991,13,Sun,4:00PM ET,Philadelphia Eagles,14,168,68,7,16,154,135,3,L
1991,15,Sun,4:00PM ET,Washington Redskins,11,128,66,2,21,249,135,1,L
1991,16,Sun,4:00PM ET,Denver Broncos,13,158,73,0,22,243,122,3,L
1991,17,Sun,4:00PM ET,New Orleans Saints,18,173,72,7,12,95,95,1,L
1992,1,Sun,4:00PM ET,Tampa Bay Buccaneers,14,120,61,3,17,140,128,0,L
1992,2,Sun,8:00PM ET,Philadelphia Eagles,14,185,54,1,21,235,130,2,L
1992,3,Sun,4:00PM ET,Dallas Cowboys,24,371,67,2,21,263,150,0,L
1992,5,Sun,4:00PM ET,Washington Redskins,21,163,103,2,19,258,107,3,W
1992,6,Sun,1:00PM ET,New York Giants,22,193,113,1,20,139,260,0,L
1992,7,Sun,4:00PM ET,New Orleans Saints,15,194,60,1,20,349,50,1,L
1992,8,Sun,1:00PM ET,Philadelphia Eagles,13,158,95,4,11,84,163,1,L
1992,9,Sun,4:00PM ET,San Francisco 49ers,21,197,145,2,19,267,63,4,W
1992,10,Sun,4:00PM ET,Los Angeles Rams,18,216,108,0,19,248,54,3,W
1992,11,Sun,1:00PM ET,Atlanta Falcons,15,239,32,4,19,223,114,3,L
1992,12,Sun,4:00PM ET,Dallas Cowboys,9,103,46,1,18,237,97,1,L
1992,13,Sun,1:00PM ET,Washington Redskins,14,255,53,6,22,191,143,2,L
1992,14,Sun,4:00PM ET,San Diego Chargers,20,227,96,5,14,267,29,2,L
1992,15,Sat,4:00PM ET,New York Giants,18,101,179,1,8,61,70,3,W
1992,16,Sun,1:00PM ET,Indianapolis Colts,18,131,159,3,21,319,47,2,L
1992,17,Sun,4:00PM ET,Tampa Bay Buccaneers,21,233,120,6,12,210,30,1,L
1993,1,Sun,1:00PM ET,Philadelphia Eagles,14,183,48,2,22,192,167,3,L
1993,2,Sun,1:00PM ET,Washington Redskins,17,151,152,2,14,175,58,2,W
1993,3,Sun,8:00PM ET,Dallas Cowboys,14,205,68,1,23,280,130,0,L
1993,4,Sun,1:00PM ET,Detroit Lions,20,264,79,3,11,183,147,0,L
1993,6,Sun,4:00PM ET,New England Patriots,13,187,124,3,25,281,151,1,L
1993,7,Sun,4:00PM ET,Washington Redskins,18,224,156,1,16,108,138,4,W
1993,8,Sun,4:00PM ET,San Francisco 49ers,25,322,107,3,26,280,148,1,L
1993,9,Sun,4:00PM ET,New Orleans Saints,10,54,89,2,18,176,96,2,L
1993,10,Sun,4:00PM ET,Philadelphia Eagles,21,116,243,1,12,136,65,1,W
1993,11,Sun,1:00PM ET,Dallas Cowboys,15,214,51,3,15,224,87,2,L
1993,13,Sun,4:00PM ET,New York Giants,19,176,127,1,17,328,46,0,L
1993,14,Sun,4:00PM ET,Los Angeles Rams,22,245,137,0,16,151,152,2,W
1993,15,Sun,4:00PM ET,Detroit Lions,19,191,96,3,13,235,105,2,L
1993,16,Sun,4:00PM ET,Seattle Seahawks,26,405,71,4,19,153,212,1,W
1993,17,Sun,4:00PM ET,New York Giants,20,189,144,2,16,215,78,1,W
1993,18,Sun,1:00PM ET,Atlanta Falcons,22,278,117,0,16,189,81,4,W
1994,1,Sun,4:00PM ET,Los Angeles Rams,23,128,106,3,9,102,50,2,L
1994,2,Sun,8:00PM ET,New York Giants,11,135,39,3,19,88,118,2,L
1994,3,Sun,1:00PM ET,Cleveland Browns,21,255,63,3,17,243,79,2,L
1994,5,Sun,4:00PM ET,Minnesota Vikings,21,200,109,2,19,340,18,4,W
1994,6,Sun,4:00PM ET,Dallas Cowboys,10,168,53,5,22,273,78,0,L
1994,7,Sun,1:00PM ET,Washington Redskins,19,173,151,3,11,149,85,5,W
1994,8,Sun,4:00PM ET,Dallas Cowboys,22,208,107,0,14,237,75,0,L
1994,9,Sun,8:00PM ET,Pittsburgh Steelers,16,236,99,1,12,232,85,3,W
1994,10,Sun,4:00PM ET,Philadelphia Eagles,21,181,73,2,18,172,150,1,L
1994,11,Sun,1:00PM ET,New York Giants,18,173,66,1,17,81,150,1,W
1994,12,Sun,4:00PM ET,Philadelphia Eagles,16,123,158,1,14,110,75,2,W
1994,13,Sun,4:00PM ET,Chicago Bears,15,177,67,1,20,186,132,2,L
1994,14,Sun,4:00PM ET,Houston Oilers,18,171,161,1,10,161,37,6,W
1994,15,Sun,4:00PM ET,Washington Redskins,14,194,84,1,19,283,123,2,W
1994,16,Sun,4:00PM ET,Cincinnati Bengals,24,212,152,0,12,125,64,3,W
1994,17,Sat,1:00PM ET,Atlanta Falcons,18,313,72,2,12,256,51,1,L
1995,1,Sun,4:00PM ET,Washington Redskins,10,88,109,4,20,197,259,2,L
1995,2,Sun,8:00PM ET,Philadelphia Eagles,17,244,30,2,19,170,168,1,L
1995,3,Sun,1:00PM ET,Detroit Lions,18,109,121,0,19,198,160,3,W
1995,4,Sun,4:00PM ET,Dallas Cowboys,22,329,52,3,26,251,189,1,L
1995,5,Sun,4:00PM ET,Kansas City Chiefs,16,240,56,3,17,72,221,2,L
1995,6,Sun,4:00PM ET,New York Giants,29,291,140,3,23,158,186,4,L
1995,7,Sun,4:00PM ET,Washington Redskins,20,198,113,2,13,217,42,1,W
1995,9,Sun,4:00PM ET,Seattle Seahawks,20,190,115,4,17,198,230,7,W
1995,10,Sun,4:00PM ET,Denver Broncos,18,203,74,2,24,258,148,1,L
1995,11,Sun,4:00PM ET,Minnesota Vikings,20,204,118,2,22,302,89,1,L
1995,12,Sun,1:00PM ET,Carolina Panthers,7,62,34,2,23,182,188,1,L
1995,13,Sun,4:00PM ET,Atlanta Falcons,28,392,121,4,15,260,34,4,W
1995,14,Thu,8:00PM ET,New York Giants,17,250,92,3,14,133,66,1,L
1995,15,Sat,4:00PM ET,San Diego Chargers,13,250,32,1,20,288,92,6,L
1995,16,Sun,1:00PM ET,Philadelphia Eagles,18,231,93,5,11,198,76,4,L
1995,17,Mon,9:00PM ET,Dallas Cowboys,12,222,63,3,27,373,101,3,L
1996,1,Sun,1:00PM ET,Indianapolis Colts,20,226,84,0,19,238,74,1,L
1996,2,Sun,8:00PM ET,Miami Dolphins,13,176,27,4,26,203,128,1,L
1996,3,Sun,1:00PM ET,New England Patriots,9,124,46,4,26,221,163,0,L
1996,4,Sun,1:00PM ET,New Orleans Saints,20,165,267,2,15,142,76,3,W
1996,5,Sun,4:00PM ET,St. Louis Rams,27,348,150,1,10,162,60,3,W
1996,7,Sun,1:00PM ET,Dallas Cowboys,13,120,58,1,22,199,125,1,L
1996,8,Sun,4:00PM ET,Tampa Bay Buccaneers,21,133,104,0,19,218,95,0,W
1996,9,Sun,4:00PM ET,New York Jets,19,246,107,1,27,246,208,3,L
1996,10,Sun,1:00PM ET,New York Giants,14,216,29,2,17,144,135,0,L
1996,11,Sun,1:00PM ET,Washington Redskins,32,507,108,5,25,212,204,2,W
1996,12,Sun,4:00PM ET,New York Giants,20,250,97,3,24,240,91,4,W
1996,13,Sun,4:00PM ET,Philadelphia Eagles,27,340,107,1,22,292,67,2,W
1996,14,Sun,1:00PM ET,Minnesota Vikings,18,245,35,3,29,263,149,0,L
1996,15,Sun,4:00PM ET,Dallas Cowboys,20,213,134,4,15,254,80,2,L
1996,16,Sun,4:00PM ET,Washington Redskins,20,221,78,2,19,249,80,1,W
1996,17,Sun,1:00PM ET,Philadelphia Eagles,15,158,71,2,22,216,127,2,L
1997,1,Sun,1:00PM ET,Cincinnati Bengals,18,248,75,2,21,230,87,1,L
1997,2,Sun,8:00PM ET,Dallas Cowboys,21,220,66,4,15,147,180,1,W
1997,3,Sun,1:00PM ET,Washington Redskins,14,116,118,2,17,252,76,1,L
1997,5,Sun,1:00PM ET,Tampa Bay Buccaneers,23,294,70,3,6,113,54,1,L
1997,6,Sun,4:00PM ET,Minnesota Vikings,22,277,108,1,20,272,81,3,L
1997,7,Sun,4:00PM ET,New York Giants,19,208,27,5,23,187,239,1,L
1997,8,Sun,1:00PM ET,Philadelphia Eagles,15,143,92,1,25,277,130,4,L
1997,9,Sun,4:00PM ET,Tennessee Oilers,22,157,106,7,15,135,148,0,L
1997,10,Sun,4:00PM ET,Philadelphia Eagles,17,141,90,2,18,265,95,4,W
1997,11,Sun,1:00PM ET,Dallas Cowboys,18,173,101,1,19,204,125,1,L
1997,12,Sun,1:00PM ET,New York Giants,21,350,49,3,21,172,201,0,L
1997,13,Sun,1:00PM ET,Baltimore Ravens,15,202,71,2,17,185,129,0,W
1997,14,Sun,4:00PM ET,Pittsburgh Steelers,18,243,48,0,25,165,177,0,L
1997,15,Sun,4:00PM ET,Washington Redskins,14,301,57,3,17,223,139,1,L
1997,16,Sun,4:00PM ET,New Orleans Saints,18,154,111,4,17,252,130,1,L
1997,17,Sun,4:00PM ET,Atlanta Falcons,20,231,66,2,22,167,189,1,W
1998,1,Sun,4:05PM ET,Dallas Cowboys,13,160,45,2,30,256,188,3,L
1998,2,Sun,4:15PM ET,Seattle Seahawks,17,163,111,4,16,121,123,2,L
1998,3,Sun,8:20PM ET,Philadelphia Eagles,16,129,153,1,20,226,91,3,W
1998,4,Sun,1:00PM ET,St. Louis Rams,22,203,78,1,17,144,120,0,W
1998,5,Sun,4:05PM ET,Oakland Raiders,16,187,49,4,14,110,112,3,L
1998,6,Sun,4:05PM ET,Chicago Bears,21,150,138,5,12,223,66,8,W
1998,7,Sun,1:00PM ET,New York Giants,15,132,62,3,26,249,141,0,L
1998,9,Sun,1:00PM ET,Detroit Lions,11,172,37,2,18,167,113,6,W
1998,10,Sun,4:05PM ET,Washington Redskins,23,164,187,1,18,167,89,2,W
1998,11,Sun,4:15PM ET,Dallas Cowboys,28,448,32,2,23,208,146,0,L
1998,12,Sun,1:01PM ET,Washington Redskins,25,248,188,1,31,353,68,2,W
1998,13,Sun,1:00PM ET,Kansas City Chiefs,22,214,124,2,20,248,128,1,L
1998,14,Sun,4:05PM ET,New York Giants,17,253,75,3,15,144,200,2,L
1998,15,Sun,1:00PM ET,Philadelphia Eagles,25,220,204,2,21,219,148,1,W
1998,16,Sun,4:15PM ET,New Orleans Saints,28,394,119,3,18,238,82,1,W
1998,17,Sun,4:15PM ET,San Diego Chargers,16,245,25,0,22,203,174,5,W
1999,1,Sun,1:04PM ET,Philadelphia Eagles,23,266,78,4,13,67,138,4,W
1999,2,Sun,1:01PM ET,Miami Dolphins,13,120,64,4,14,221,83,4,L
1999,3,Mon,8:08PM ET,San Francisco 49ers,20,149,101,4,18,112,210,1,L
1999,4,Sun,1:05PM ET,Dallas Cowboys,12,137,71,5,17,192,114,1,L
1999,5,Sun,4:06PM ET,New York Giants,13,175,31,0,15,178,107,2,W
1999,6,Sun,8:22PM ET,Washington Redskins,15,207,67,3,24,243,167,3,L
1999,8,Sun,4:05PM ET,New England Patriots,8,90,76,2,17,244,142,0,L
1999,9,Sun,1:04PM ET,New York Jets,10,151,55,1,15,111,184,0,L
1999,10,Sun,4:15PM ET,Detroit Lions,17,184,159,1,17,331,42,1,W
1999,11,Sun,4:16PM ET,Dallas Cowboys,13,105,102,2,15,102,156,0,W
1999,12,Sun,1:03PM ET,New York Giants,23,222,69,1,20,282,52,4,W
1999,13,Sun,4:06PM ET,Philadelphia Eagles,16,173,54,2,18,148,146,2,W
1999,14,Sun,1:01PM ET,Washington Redskins,10,120,53,4,25,180,226,2,L
1999,15,Sun,6:23PM ET,Buffalo Bills,14,108,70,1,25,217,159,2,L
1999,16,Sun,1:03PM ET,Atlanta Falcons,17,212,77,2,22,230,163,0,L
1999,17,Sun,1:02PM ET,Green Bay Packers,30,384,80,4,26,299,176,1,L
2000,1,Sun,1:04PM ET,New York Giants,19,312,43,4,20,172,223,2,L
2000,2,Sun,8:35PM ET,Dallas Cowboys,21,224,98,1,17,240,90,2,W
2000,4,Sun,4:06PM ET,Green Bay Packers,12,181,28,4,23,279,176,1,L
2000,5,Sun,4:15PM ET,San Francisco 49ers,16,239,126,2,18,215,130,1,L
2000,6,Sun,4:15PM ET,Cleveland Browns,20,169,146,2,12,136,104,0,W
2000,7,Sun,4:15PM ET,Philadelphia Eagles,17,207,98,3,28,219,172,0,L
2000,8,Sun,1:00PM ET,Dallas Cowboys,15,167,109,3,23,147,200,0,L
2000,9,Sun,4:05PM ET,New Orleans Saints,24,269,125,4,17,158,89,1,L
2000,10,Sun,4:05PM ET,Washington Redskins,11,133,45,2,27,258,164,3,W
2000,11,Sun,1:00PM ET,Minnesota Vikings,14,198,51,2,29,302,158,2,L
2000,12,Sun,1:02PM ET,Philadelphia Eagles,12,156,54,1,21,204,134,2,L
2000,13,Sun,8:35PM ET,New York Giants,14,179,88,4,25,225,146,1,L
2000,14,Sun,1:02PM ET,Cincinnati Bengals,15,268,72,2,27,106,292,1,L
2000,15,Sun,1:02PM ET,Jacksonville Jaguars,11,149,40,1,25,255,214,0,L
2000,16,Sun,4:15PM ET,Baltimore Ravens,18,258,51,4,14,37,177,2,L
2000,17,Sun,1:01PM ET,Washington Redskins,14,141,104,5,19,175,140,2,L
2001,2,Sun,8:37PM ET,Denver Broncos,14,224,84,3,27,234,147,0,L
2001,3,Sun,4:05PM ET,Atlanta Falcons,21,245,90,4,21,268,111,0,L
2001,4,Sun,1:09PM ET,Philadelphia Eagles,19,232,97,1,19,261,179,2,W
2001,5,Sun,12:03PM ET,Chicago Bears,16,206,82,1,13,116,137,3,L
2001,6,Sun,4:05PM ET,Kansas City Chiefs,20,228,135,2,20,340,119,2,W
2001,7,Sun,3:05PM ET,Dallas Cowboys,17,217,75,4,15,80,145,2,L
2001,8,Sun,4:05PM ET,Philadelphia Eagles,20,270,57,2,13,219,113,1,L
2001,9,Sun,4:17PM ET,New York Giants,12,135,78,3,20,148,186,1,L
2001,10,Sun,4:15PM ET,Detroit Lions,23,328,89,1,30,429,49,3,W
2001,11,Sun,4:05PM ET,San Diego Chargers,18,227,71,2,20,308,84,1,W
2001,12,Sun,4:15PM ET,Oakland Raiders,24,245,145,1,26,301,135,3,W
2001,13,Sun,4:04PM ET,Washington Redskins,17,246,80,1,17,201,130,0,L
2001,14,Sat,1:37PM ET,New York Giants,19,197,88,1,15,139,105,0,L
2001,15,Sun,4:06PM ET,Dallas Cowboys,11,134,75,0,21,169,174,3,W
2001,16,Sun,1:02PM ET,Carolina Panthers,16,173,158,0,20,223,95,2,W
2001,17,Sun,1:01PM ET,Washington Redskins,10,142,45,1,22,162,178,1,L
2002,1,Sun,1:05PM ET,Washington Redskins,14,187,70,1,21,320,122,1,L
2002,2,Sun,4:05PM ET,Seattle Seahawks,19,98,249,1,26,345,81,1,W
2002,3,Sun,4:05PM ET,San Diego Chargers,15,200,97,3,19,164,125,1,L
2002,4,Sun,4:04PM ET,New York Giants,18,161,102,1,14,196,67,3,W
2002,5,Sun,1:02PM ET,Carolina Panthers,18,221,91,1,12,186,58,4,W
2002,7,Sun,4:15PM ET,Dallas Cowboys,22,228,152,1,14,194,148,4,W
2002,8,Sun,4:05PM ET,San Francisco 49ers,23,269,151,4,18,252,105,0,L
2002,9,Sun,4:15PM ET,St. Louis Rams,13,171,64,3,23,223,192,2,L
2002,10,Sun,4:06PM ET,Seattle Seahawks,19,226,111,5,27,255,151,0,L
2002,11,Sun,1:03PM ET,Philadelphia Eagles,15,124,124,1,26,250,212,2,L
2002,12,Sun,4:05PM ET,Oakland Raiders,15,131,132,3,28,333,187,1,L
2002,13,Sun,1:00PM ET,Kansas City Chiefs,10,96,26,4,27,261,216,1,L
2002,14,Sun,4:06PM ET,Detroit Lions,21,180,133,1,15,152,51,1,W
2002,15,Sun,8:35PM ET,St. Louis Rams,20,249,129,2,20,300,66,2,L
2002,16,Sat,5:05PM ET,San Francisco 49ers,14,76,108,2,21,252,106,2,L
2002,17,Sun,4:16PM ET,Denver Broncos,18,123,84,2,24,191,259,0,L
2003,1,Sun,1:06PM ET,Detroit Lions,21,339,95,3,16,195,66,0,L
2003,2,Sun,4:06PM ET,Seattle Seahawks,18,193,93,6,16,193,130,0,L
2003,3,Sun,4:06PM ET,Green Bay Packers,21,273,81,1,18,245,66,2,W
2003,4,Sun,1:02PM ET,St. Louis Rams,7,125,36,3,34,268,133,1,L
2003,5,Sun,1:02PM ET,Dallas Cowboys,9,119,32,2,18,268,97,1,L
2003,6,Sun,4:16PM ET,Baltimore Ravens,16,230,90,3,13,72,213,0,L
2003,8,Sun,4:06PM ET,San Francisco 49ers,18,93,221,1,15,149,106,1,W
2003,9,Sun,4:05PM ET,Cincinnati Bengals,20,143,161,1,17,215,48,2,W
2003,10,Sun,1:02PM ET,Pittsburgh Steelers,19,283,96,1,11,159,87,1,L
2003,11,Sun,1:03PM ET,Cleveland Browns,10,146,41,4,27,392,89,0,L
2003,12,Sun,4:06PM ET,St. Louis Rams,15,192,166,2,26,298,117,5,L
2003,13,Sun,1:03PM ET,Chicago Bears,9,151,46,3,25,268,154,1,L
2003,14,Sun,4:05PM ET,San Francisco 49ers,18,151,59,2,30,264,232,1,L
2003,15,Sun,4:16PM ET,Carolina Panthers,23,146,171,2,17,231,67,2,L
2003,16,Sun,4:15PM ET,Seattle Seahawks,17,220,79,1,23,180,160,4,L
2003,17,Sun,4:05PM ET,Minnesota Vikings,15,155,64,1,20,192,150,2,W
2004,1,Sun,1:04PM ET,St. Louis Rams,14,157,103,0,27,272,176,3,L
2004,2,Sun,4:16PM ET,New England Patriots,14,117,50,2,24,207,172,3,L
2004,3,Sun,1:05PM ET,Atlanta Falcons,13,179,61,4,15,89,194,4,L
2004,4,Sun,4:05PM ET,New Orleans Saints,19,162,211,1,14,238,41,2,W
2004,5,Sun,4:15PM ET,San Francisco 49ers,19,217,103,1,28,391,57,2,L
2004,7,Sun,4:16PM ET,Seattle Seahawks,16,189,127,2,12,180,77,4,W
2004,8,Sun,1:02PM ET,Buffalo Bills,14,85,128,0,11,81,128,0,L
2004,9,Sun,1:02PM ET,Miami Dolphins,17,149,121,1,22,235,168,2,W
2004,10,Sun,4:15PM ET,New York Giants,18,74,104,0,19,161,147,0,W
2004,11,Sun,1:04PM ET,Carolina Panthers,23,314,85,4,16,160,157,1,L
2004,12,Sun,4:16PM ET,New York Jets,17,174,71,4,16,179,146,0,L
2004,13,Sun,1:03PM ET,Detroit Lions,15,160,94,4,16,183,215,1,L
2004,14,Sun,4:15PM ET,San Francisco 49ers,25,299,75,2,23,184,168,1,L
2004,15,Sun,4:05PM ET,St. Louis Rams,26,271,131,1,12,163,22,2,W
2004,16,Sun,4:16PM ET,Seattle Seahawks,18,220,97,2,16,126,175,1,L
2004,17,Sun,4:06PM ET,Tampa Bay Buccaneers,12,115,107,1,11,187,62,4,W
2005,1,Sun,4:18PM ET,New York Giants,20,287,31,2,14,154,121,2,L
2005,2,Sun,4:05PM ET,St. Louis Rams,18,297,82,2,16,189,108,1,L
2005,3,Sun,4:06PM ET,Seattle Seahawks,15,176,90,2,29,284,163,0,L
2005,4,Sun,8:36PM ET,San Francisco 49ers,24,366,97,3,8,117,51,4,W
2005,5,Sun,4:15PM ET,Carolina Panthers,19,396,72,4,15,243,87,2,L
2005,7,Sun,4:15PM ET,Tennessee Titans,9,118,55,1,16,258,90,3,W
2005,8,Sun,1:02PM ET,Dallas Cowboys,12,142,71,2,21,202,146,1,L
2005,9,Sun,4:05PM ET,Seattle Seahawks,23,307,71,4,22,162,208,0,L
2005,10,Sun,1:03PM ET,Detroit Lions,21,359,38,1,22,226,157,0,L
2005,11,Sun,1:02PM ET,St. Louis Rams,27,278,94,1,19,351,6,2,W
2005,12,Sun,4:06PM ET,Jacksonville Jaguars,23,301,67,2,19,133,162,0,L
2005,13,Sun,4:05PM ET,San Francisco 49ers,18,339,65,2,11,169,51,4,W
2005,14,Sun,4:05PM ET,Washington Redskins,17,240,62,4,16,122,109,3,L
2005,15,Sun,1:02PM ET,Houston Texans,16,262,39,4,18,134,119,2,L
2005,16,Sat,4:05PM ET,Philadelphia Eagles,19,285,75,1,11,146,43,1,W
2005,17,Sun,1:02PM ET,Indianapolis Colts,23,284,129,2,15,207,11,1,L
2006,1,Sun,4:15PM ET,San Francisco 49ers,23,283,84,1,19,286,107,2,W
2006,2,Sun,4:06PM ET,Seattle Seahawks,17,191,65,2,20,195,146,2,L
2006,3,Sun,4:15PM ET,St. Louis Rams,20,246,101,4,18,301,63,2,L
2006,4,Sun,1:03PM ET,Atlanta Falcons,14,161,26,4,19,143,262,1,L
2006,5,Sun,4:05PM ET,Kansas City Chiefs,18,222,76,1,18,262,39,2,L
2006,6,Mon,8:42PM ET,Chicago Bears,17,220,66,2,9,130,38,6,L
2006,7,Sun,4:15PM ET,Oakland Raiders,9,174,50,2,21,258,137,5,L
2006,8,Sun,1:02PM ET,Green Bay Packers,20,132,86,1,28,180,203,0,L
2006,10,Sun,4:16PM ET,Dallas Cowboys,17,209,86,3,20,308,126,0,L
2006,11,Sun,4:05PM ET,Detroit Lions,20,228,110,0,19,213,68,1,W
2006,12,Sun,1:05PM ET,Minnesota Vikings,22,395,17,5,30,255,157,1,L
2006,13,Sun,1:02PM ET,St. Louis Rams,24,179,137,0,26,287,107,3,W
2006,14,Sun,4:05PM ET,Seattle Seahawks,20,232,113,1,21,228,120,3,W
2006,15,Sun,4:05PM ET,Denver Broncos,17,195,100,2,26,256,106,2,L
2006,16,Sun,4:05PM ET,San Francisco 49ers,21,249,123,1,14,174,49,2,W
2006,17,Sun,4:15PM ET,San Diego Chargers,19,346,98,1,23,218,169,1,L
2007,1,Mon,10:25PM ET,San Francisco 49ers,20,100,161,2,16,102,92,1,L
2007,2,Sun,4:05PM ET,Seattle Seahawks,20,299,132,1,18,278,84,1,W
2007,3,Sun,1:00PM ET,Baltimore Ravens,17,303,61,1,23,252,129,1,L
2007,4,Sun,4:15PM ET,Pittsburgh Steelers,19,215,86,2,17,205,77,2,W
2007,5,Sun,1:02PM ET,St. Louis Rams,24,281,102,2,24,252,123,3,W
2007,6,Sun,4:05PM ET,Carolina Panthers,10,159,96,5,14,193,181,0,L
2007,7,Sun,1:02PM ET,Washington Redskins,19,280,84,3,10,87,73,1,L
2007,9,Sun,1:00PM ET,Tampa Bay Buccaneers,9,172,23,2,18,188,162,0,L
2007,10,Sun,4:15PM ET,Detroit Lions,21,246,73,4,16,265,-18,5,W
2007,11,Sun,1:02PM ET,Cincinnati Bengals,17,197,50,0,21,324,72,5,W
2007,12,Sun,4:06PM ET,San Francisco 49ers,25,456,96,4,21,237,137,0,L
2007,13,Sun,4:06PM ET,Cleveland Browns,18,169,133,1,21,295,84,4,W
2007,14,Sun,4:06PM ET,Seattle Seahawks,23,305,50,5,21,269,80,0,L
2007,15,Sun,1:03PM ET,New Orleans Saints,17,214,103,2,24,307,114,2,L
2007,16,Sun,4:05PM ET,Atlanta Falcons,24,369,68,0,21,303,102,1,W
2007,17,Sun,4:15PM ET,St. Louis Rams,25,300,122,2,13,159,75,3,W
2008,1,Sun,4:16PM ET,San Francisco 49ers,18,176,109,0,13,183,108,5,W
2008,2,Sun,4:15PM ET,Miami Dolphins,22,364,81,0,17,164,72,0,W
2008,3,Sun,1:02PM ET,Washington Redskins,19,197,116,2,21,187,136,0,L
2008,4,Sun,1:02PM ET,New York Jets,33,426,42,7,23,284,89,1,L
2008,5,Sun,4:16PM ET,Buffalo Bills,28,250,123,0,13,203,84,4,W
2008,6,Sun,4:15PM ET,Dallas Cowboys,14,226,50,3,15,301,73,1,W
2008,8,Sun,1:04PM ET,Carolina Panthers,25,375,50,2,22,238,113,1,L
2008,9,Sun,1:00PM ET,St. Louis Rams,24,334,176,0,13,170,61,3,W
2008,10,Mon,8:40PM ET,San Francisco 49ers,21,328,46,0,19,217,119,3,W
2008,11,Sun,4:06PM ET,Seattle Seahawks,24,382,76,3,18,153,43,4,W
2008,12,Sun,4:16PM ET,New York Giants,27,348,23,2,18,234,87,0,L
2008,13,Thu,8:16PM ET,Philadelphia Eagles,12,235,25,4,32,252,185,1,L
2008,14,Sun,4:15PM ET,St. Louis Rams,18,272,63,1,17,223,85,3,W
2008,15,Sun,4:05PM ET,Minnesota Vikings,16,273,43,2,20,157,239,1,L
2008,16,Sun,1:02PM ET,New England Patriots,8,142,44,2,27,331,183,0,L
2008,17,Sun,4:15PM ET,Seattle Seahawks,19,346,111,2,24,243,87,3,W
2009,1,Sun,1:15PM ET,San Francisco 49ers,17,259,40,2,13,182,21,1,L
2009,2,Sun,1:03PM ET,Jacksonville Jaguars,22,265,118,2,18,275,92,3,W
2009,3,Sun,8:31PM ET,Indianapolis Colts,21,299,24,3,22,379,126,1,L
2009,5,Sun,4:15PM ET,Houston Texans,19,296,44,1,23,371,45,1,W
2009,6,Sun,4:05PM ET,Seattle Seahawks,21,282,62,2,7,114,14,2,W
2009,7,Sun,8:30PM ET,New York Giants,15,216,72,2,15,220,107,4,W
2009,8,Sun,4:15PM ET,Carolina Panthers,23,226,94,6,13,85,270,0,L
2009,9,Sun,1:03PM ET,Chicago Bears,27,256,182,1,20,347,70,1,W
2009,10,Sun,4:15PM ET,Seattle Seahawks,22,340,122,0,29,308,164,2,W
2009,11,Sun,4:05PM ET,St. Louis Rams,24,261,183,2,16,191,123,1,W
2009,12,Sun,4:15PM ET,Tennessee Titans,15,217,75,0,20,369,163,1,L
2009,13,Sun,8:20PM ET,Minnesota Vikings,20,285,113,1,22,253,62,2,W
2009,14,Mon,8:40PM ET,San Francisco 49ers,11,160,85,7,18,138,189,2,L
2009,15,Sun,1:02PM ET,Detroit Lions,21,218,122,3,15,121,161,3,W
2009,16,Sun,4:05PM ET,St. Louis Rams,26,297,110,1,14,150,88,4,W
2009,17,Sun,4:15PM ET,Green Bay Packers,13,139,48,3,24,236,109,1,L
2010,1,Sun,4:15PM ET,St. Louis Rams,21,266,112,4,20,240,85,4,W
2010,2,Sun,1:03PM ET,Atlanta Falcons,11,149,118,3,33,223,221,1,L
2010,3,Sun,4:15PM ET,Oakland Raiders,18,108,119,3,20,231,133,1,W
2010,4,Sun,4:15PM ET,San Diego Chargers,10,87,47,3,23,239,180,1,L
2010,5,Sun,4:05PM ET,New Orleans Saints,12,153,41,1,19,273,85,4,W
2010,7,Sun,4:06PM ET,Seattle Seahawks,13,114,113,5,16,158,144,1,L
2010,8,Sun,4:15PM ET,Tampa Bay Buccaneers,22,296,100,4,19,253,154,2,L
2010,9,Sun,1:05PM ET,Minnesota Vikings,13,172,53,1,28,427,80,3,L
2010,10,Sun,4:15PM ET,Seattle Seahawks,19,286,41,2,24,380,110,1,L
2010,11,Sun,1:03PM ET,Kansas City Chiefs,19,281,101,0,17,193,159,0,L
2010,12,Mon,8:40PM ET,San Francisco 49ers,8,190,13,2,26,125,261,1,L
2010,13,Sun,4:15PM ET,St. Louis Rams,14,119,105,2,18,169,119,1,L
2010,14,Sun,4:15PM ET,Denver Broncos,21,146,211,1,20,156,132,6,W
2010,15,Sun,1:04PM ET,Carolina Panthers,11,175,43,2,16,126,177,1,L
2010,16,Sat,7:30PM ET,Dallas Cowboys,10,178,93,0,24,199,183,3,W
2010,17,Sun,4:15PM ET,San Francisco 49ers,19,201,78,2,16,262,100,0,L
2011,1,Sun,4:15PM ET,Carolina Panthers,15,295,99,1,26,403,74,1,W
2011,2,Sun,1:03PM ET,Washington Redskins,16,231,93,2,28,283,172,2,L
2011,3,Sun,4:15PM ET,Seattle Seahawks,20,234,90,2,16,139,122,1,L
2011,4,Sun,4:05PM ET,New York Giants,22,212,156,2,24,306,54,2,L
2011,5,Sun,1:05PM ET,Minnesota Vikings,18,214,77,4,20,160,172,1,L
2011,7,Sun,4:05PM ET,Pittsburgh Steelers,23,257,73,1,26,354,91,0,L
2011,8,Sun,1:02PM ET,Baltimore Ravens,17,98,109,1,30,298,107,2,L
2011,9,Sun,4:15PM ET,St. Louis Rams,16,192,70,0,23,233,150,1,W
2011,10,Sun,1:02PM ET,Philadelphia Eagles,23,282,88,2,15,123,166,2,W
2011,11,Sun,4:05PM ET,San Francisco 49ers,11,149,80,5,25,267,164,1,L
2011,12,Sun,1:00PM ET,St. Louis Rams,16,106,268,3,12,186,86,2,W
2011,13,Sun,4:15PM ET,Dallas Cowboys,16,224,103,0,20,261,75,0,W
2011,14,Sun,4:05PM ET,San Francisco 49ers,12,270,55,3,12,143,90,0,W
2011,15,Sun,4:15PM ET,Cleveland Browns,24,289,74,1,16,213,120,1,W
2011,16,Sat,1:02PM ET,Cincinnati Bengals,17,257,59,3,21,136,165,2,L
2011,17,Sun,4:15PM ET,Seattle Seahawks,20,257,131,2,19,191,178,1,W
2012,1,Sun,4:25PM ET,Seattle Seahawks,18,210,43,2,18,139,115,2,W
2012,2,Sun,1:02PM ET,New England Patriots,16,140,102,2,25,297,90,1,W
2012,3,Sun,4:05PM ET,Philadelphia Eagles,16,193,99,0,16,194,113,3,W
2012,4,Sun,4:05PM ET,Miami Dolphins,19,269,28,2,21,394,86,4,W
2012,5,Thu,8:20PM ET,St. Louis Rams,20,237,45,1,12,131,111,1,L
2012,6,Sun,4:05PM ET,Buffalo Bills,20,150,182,2,19,141,165,2,L
2012,7,Sun,1:05PM ET,Minnesota Vikings,21,230,126,2,12,43,166,2,L
2012,8,Mon,8:40PM ET,San Francisco 49ers,16,258,7,1,15,204,113,0,L
2012,9,Sun,1:02PM ET,Green Bay Packers,16,286,54,2,20,208,176,1,L
2012,11,Sun,1:03PM ET,Atlanta Falcons,7,41,137,1,20,296,58,6,L
2012,12,Sun,4:25PM ET,St. Louis Rams,24,301,74,4,15,194,173,1,L
2012,13,Sun,1:03PM ET,New York Jets,5,56,81,1,20,112,177,4,L
2012,14,Sun,4:26PM ET,Seattle Seahawks,10,111,43,8,22,209,284,1,L
2012,15,Sun,4:05PM ET,Detroit Lions,12,97,99,1,18,228,84,4,W
2012,16,Sun,4:25PM ET,Chicago Bears,15,219,29,3,15,145,152,1,L
2012,17,Sun,4:25PM ET,San Francisco 49ers,11,207,55,2,20,278,129,0,L
2013,1,Sun,4:23PM ET,St. Louis Rams,25,304,86,2,20,299,67,2,L
2013,2,Sun,4:05PM ET,Detroit Lions,24,261,87,1,16,273,49,1,W
2013,3,Sun,1:03PM ET,New Orleans Saints,16,161,86,2,27,319,104,1,L
2013,4,Sun,1:03PM ET,Tampa Bay Buccaneers,17,240,56,3,20,173,80,3,W
2013,5,Sun,4:05PM ET,Carolina Panthers,19,160,90,3,21,258,95,4,W
2013,6,Sun,4:25PM ET,San Francisco 49ers,16,294,109,4,20,238,149,2,L
2013,7,Thu,8:25PM ET,Seattle Seahawks,22,204,30,2,21,209,135,2,L
2013,8,Sun,4:25PM ET,Atlanta Falcons,17,147,201,1,20,265,27,4,W
2013,10,Sun,4:25PM ET,Houston Texans,19,235,97,3,17,159,76,1,W
2013,11,Sun,1:04PM ET,Jacksonville Jaguars,19,402,14,0,14,242,32,2,W
2013,12,Sun,4:05PM ET,Indianapolis Colts,27,290,120,0,15,159,80,1,W
2013,13,Sun,1:02PM ET,Philadelphia Eagles,24,260,90,3,23,202,105,0,L
2013,14,Sun,4:25PM ET,St. Louis Rams,25,262,107,1,14,157,100,2,W
2013,15,Sun,4:27PM ET,Tennessee Titans,24,215,145,0,32,394,66,3,W
2013,16,Sun,4:06PM ET,Seattle Seahawks,16,168,139,4,10,89,103,2,W
2013,17,Sun,4:25PM ET,San Francisco 49ers,19,399,83,2,19,292,83,0,L
2014,1,Mon,9:20PM ET,San Diego Chargers,22,294,109,2,15,238,52,1,W
2014,2,Sun,1:04PM ET,New York Giants,21,142,124,0,24,260,81,4,W
2014,3,Sun,4:05PM ET,San Francisco 49ers,24,254,84,1,20,236,82,0,W
2014,5,Sun,4:05PM ET,Denver Broncos,9,178,37,0,24,476,92,2,L
2014,6,Sun,4:25PM ET,Washington Redskins,19,243,74,0,21,335,72,4,W
2014,7,Sun,4:25PM ET,Oakland Raiders,25,242,123,1,13,164,56,0,W
2014,8,Sun,4:05PM ET,Philadelphia Eagles,17,329,71,1,27,411,110,3,W
2014,9,Sun,1:04PM ET,Dallas Cowboys,22,237,102,1,18,174,92,2,W
2014,10,Sun,4:25PM ET,St. Louis Rams,21,307,28,1,16,174,70,3,W
2014,11,Sun,4:25PM ET,Detroit Lions,18,306,46,2,11,164,98,1,W
2014,12,Sun,4:06PM ET,Seattle Seahawks,12,140,64,1,16,169,124,0,L
2014,13,Sun,4:05PM ET,Atlanta Falcons,18,294,35,3,22,358,142,1,L
2014,14,Sun,4:05PM ET,Kansas City Chiefs,18,225,141,0,19,264,126,2,W
2014,15,Thu,8:25PM ET,St. Louis Rams,13,131,143,0,13,211,69,2,W
2014,16,Sun,8:30PM ET,Seattle Seahawks,17,187,29,1,23,329,267,0,L
2014,17,Sun,4:25PM ET,San Francisco 49ers,26,299,98,3,18,189,206,0,L
2015,1,Sun,4:05PM ET,New Orleans Saints,25,307,120,1,18,354,54,1,W
2015,2,Sun,1:00PM ET,Chicago Bears,21,185,115,2,18,226,109,2,W
2015,3,Sun,4:05PM ET,San Francisco 49ers,28,307,139,1,10,53,103,4,W
2015,4,Sun,4:25PM ET,St. Louis Rams,26,334,113,3,13,164,164,0,L
2015,5,Sun,4:05PM ET,Detroit Lions,15,158,187,0,29,379,56,6,W
2015,6,Sun,1:04PM ET,Pittsburgh Steelers,21,414,55,3,14,169,141,0,L
2015,7,Mon,8:30PM ET,Baltimore Ravens,21,264,150,0,18,221,55,2,W
2015,8,Sun,1:02PM ET,Cleveland Browns,25,372,119,4,16,215,39,2,W
2015,10,Sun,8:35PM ET,Seattle Seahawks,30,334,117,3,18,228,115,1,W
2015,11,Sun,8:30PM ET,Cincinnati Bengals,21,301,82,2,24,278,99,1,W
2015,12,Sun,4:05PM ET,San Francisco 49ers,26,267,70,0,17,301,67,2,W
2015,13,Sun,1:00PM ET,St. Louis Rams,29,349,175,0,9,146,66,1,W
2015,14,Thu,8:25PM ET,Minnesota Vikings,22,296,97,0,23,317,72,3,W
2015,15,Sun,8:31PM ET,Philadelphia Eagles,28,263,230,0,19,350,74,4,W
2015,16,Sun,4:25PM ET,Green Bay Packers,19,260,121,2,16,77,101,4,W
2015,17,Sun,4:25PM ET,Seattle Seahawks,16,205,27,3,22,209,145,0,L
2016,1,Sun,8:30PM ET,New England Patriots,21,252,92,0,19,257,106,2,L
2016,2,Sun,1:05PM ET,Tampa Bay Buccaneers,20,311,105,0,21,221,85,5,W
2016,3,Sun,1:02PM ET,Buffalo Bills,25,260,88,5,16,89,208,1,L
2016,4,Sun,4:25PM ET,Los Angeles Rams,26,302,118,5,12,247,41,1,L
2016,5,Thu,8:27PM ET,San Francisco 49ers,17,116,172,0,25,135,151,3,W
2016,6,Mon,8:30PM ET,New York Jets,28,225,171,0,11,197,33,2,W
2016,7,Sun,8:30PM ET,Seattle Seahawks,23,311,132,0,11,205,52,0,T
2016,8,Sun,12:47PM ET,Carolina Panthers,22,316,24,2,19,208,141,1,L
2016,10,Sun,4:25PM ET,San Francisco 49ers,26,363,80,4,15,198,83,1,W
2016,11,Sun,1:00PM ET,Minnesota Vikings,24,155,135,2,16,145,72,1,L
2016,12,Sun,1:00PM ET,Atlanta Falcons,23,274,58,1,28,244,116,1,L
2016,13,Sun,4:25PM ET,Washington Redskins,24,281,88,0,19,246,87,2,W
2016,14,Sun,1:00PM ET,Miami Dolphins,21,125,175,4,15,231,83,3,L
2016,15,Sun,4:05PM ET,New Orleans Saints,26,309,116,2,33,358,130,1,L
2016,16,Sat,4:25PM ET,Seattle Seahawks,21,276,94,1,24,313,78,1,W
2016,17,Sun,4:25PM ET,Los Angeles Rams,21,260,84,2,9,71,52,3,W
2017,1,Sun,1:00PM ET,Detroit Lions,24,263,45,4,19,285,82,1,L
2017,2,Sun,1:00PM ET,Indianapolis Colts,17,306,83,1,18,190,76,1,W
2017,3,Mon,8:30PM ET,Dallas Cowboys,22,283,49,0,15,174,99,0,L
2017,4,Sun,4:05PM ET,San Francisco 49ers,25,317,51,1,20,210,95,1,W
2017,5,Sun,1:00PM ET,Philadelphia Eagles,16,276,31,1,19,297,122,1,L
2017,6,Sun,4:05PM ET,Tampa Bay Buccaneers,23,272,160,2,21,344,68,2,W
2017,7,Sun,1:00PM ET,Los Angeles Rams,10,171,25,2,28,228,197,1,L
2017,9,Sun,4:05PM ET,San Francisco 49ers,20,201,167,2,17,266,63,2,W
2017,10,Thu,8:25PM ET,Seattle Seahawks,24,256,34,1,14,212,75,0,L
2017,11,Sun,1:00PM ET,Houston Texans,17,244,48,2,22,223,134,2,L
2017,12,Sun,4:25PM ET,Jacksonville Jaguars,20,236,108,2,19,128,91,3,W
2017,13,Sun,4:25PM ET,Los Angeles Rams,19,187,118,2,18,213,90,1,L
2017,14,Sun,4:05PM ET,Tennessee Titans,16,125,136,0,14,139,65,2,W
2017,15,Sun,1:00PM ET,Washington Redskins,19,145,141,2,14,187,31,1,L
2017,16,Sun,4:25PM ET,New York Giants,19,215,74,2,12,250,43,3,W
2017,17,Sun,4:25PM ET,Seattle Seahawks,19,143,116,1,13,195,101,0,W
2018,1,Sun,4:25PM ET,Washington Redskins,14,145,68,2,30,247,182,1,L
2018,2,Sun,4:05PM ET,Los Angeles Rams,5,83,54,1,24,342,90,1,L
2018,3,Sun,4:25PM ET,Chicago Bears,13,168,53,4,21,194,122,2,L
2018,4,Sun,4:05PM ET,Seattle Seahawks,18,171,92,1,19,160,171,0,L
2018,5,Sun,4:25PM ET,San Francisco 49ers,10,164,56,0,33,300,147,5,W
2018,6,Sun,1:00PM ET,Minnesota Vikings,16,208,60,2,20,216,195,2,L
2018,7,Thu,8:20PM ET,Denver Broncos,14,154,69,5,15,178,131,1,L
2018,8,Sun,4:25PM ET,San Francisco 49ers,20,233,88,2,16,160,107,0,W
2018,10,Sun,1:00PM ET,Kansas City Chiefs,21,166,94,2,20,212,118,0,L
2018,11,Sun,4:05PM ET,Oakland Raiders,13,128,154,2,19,173,152,0,L
2018,12,Sun,4:05PM ET,Los Angeles Chargers,10,87,62,1,30,236,178,1,L
2018,13,Sun,1:00PM ET,Green Bay Packers,18,133,182,0,22,227,98,0,W
2018,14,Sun,4:25PM ET,Detroit Lions,22,218,61,1,16,96,122,1,L
2018,15,Sun,1:00PM ET,Atlanta Falcons,18,193,60,3,23,220,215,0,L
2018,16,Sun,4:05PM ET,Los Angeles Rams,15,159,104,0,33,192,269,1,L
2018,17,Sun,4:25PM ET,Seattle Seahawks,12,113,85,2,16,109,182,1,L
2019,1,Sun,4:25PM ET,Detroit Lions,21,275,112,1,23,361,116,2,T
2019,2,Sun,1:00PM ET,Baltimore Ravens,15,329,20,0,26,258,182,0,L
2019,3,Sun,4:05PM ET,Carolina Panthers,21,127,121,2,21,240,173,1,L
2019,4,Sun,4:05PM ET,Seattle Seahawks,20,206,115,1,21,225,115,0,L
2019,5,Sun,1:00PM ET,Cincinnati Bengals,26,248,266,0,21,262,108,0,W
2019,6,Sun,4:05PM ET,Atlanta Falcons,24,340,102,0,31,341,103,0,W
2019,7,Sun,1:00PM ET,New York Giants,18,89,156,0,21,156,107,3,W
2019,8,Sun,1:00PM ET,New Orleans Saints,10,197,40,0,28,373,137,1,L
2019,9,Thu,8:20PM ET,San Francisco 49ers,19,204,153,0,21,310,101,0,L
2019,10,Sun,1:00PM ET,Tampa Bay Buccaneers,20,342,75,2,26,339,118,3,L
2019,11,Sun,4:05PM ET,San Francisco 49ers,21,131,135,2,26,408,34,2,L
2019,13,Sun,4:05PM ET,Los Angeles Rams,13,124,74,1,27,417,132,0,L
2019,14,Sun,4:25PM ET,Pittsburgh Steelers,17,165,71,3,20,135,140,2,L
2019,15,Sun,4:05PM ET,Cleveland Browns,26,219,226,1,25,241,152,2,W
2019,16,Sun,4:25PM ET,Seattle Seahawks,21,159,253,0,13,133,91,1,W
2019,17,Sun,4:25PM ET,Los Angeles Rams,22,322,71,5,25,311,113,0,L
2020,1,Sun,4:25PM ET,San Francisco 49ers,29,224,180,1,18,243,123,0,W
2020,2,Sun,4:05PM ET,Washington Football Team,22,278,160,1,19,199,117,2,W
2020,3,Sun,4:25PM ET,Detroit Lions,28,268,109,3,22,232,90,0,L
2020,4,Sun,1:00PM ET,Carolina Panthers,21,133,129,1,30,276,168,1,L
2020,5,Sun,1:00PM ET,New York Jets,28,369,127,1,21,162,123,0,W
2020,6,Mon,8:15PM ET,Dallas Cowboys,22,177,261,0,27,247,97,4,W
2020,7,Sun,8:20PM ET,Seattle Seahawks,31,360,159,2,33,372,200,3,W
2020,9,Sun,4:25PM ET,Miami Dolphins,26,264,178,1,24,221,91,0,L
2020,10,Sun,4:05PM ET,Buffalo Bills,26,236,217,2,22,296,73,2,W
2020,11,Thu,8:20PM ET,Seattle Seahawks,24,257,57,0,22,182,165,0,L
2020,12,Sun,1:00PM ET,New England Patriots,23,160,138,1,16,69,110,2,L
2020,13,Sun,4:05PM ET,Los Angeles Rams,18,140,92,2,30,344,119,1,L
2020,14,Sun,1:00PM ET,New York Giants,22,231,159,0,10,81,78,3,W
2020,15,Sun,4:05PM ET,Philadelphia Eagles,26,423,103,3,26,305,117,0,W
2020,16,Sat,4:30PM ET,San Francisco 49ers,20,230,120,2,22,171,227,1,L
2020,17,Sun,4:25PM ET,Los Angeles Rams,15,166,48,1,21,223,110,2,L
2021,1,Sun,1:00PM ET,Tennessee Titans,22,280,136,1,17,162,86,3,W
2021,2,Sun,4:05PM ET,Minnesota Vikings,21,371,103,2,22,242,177,0,W
2021,3,Sun,1:00PM ET,Jacksonville Jaguars,23,316,91,1,20,202,159,4,W
2021,4,Sun,4:05PM ET,Los Angeles Rams,27,249,216,0,24,280,121,2,W
2021,5,Sun,4:25PM ET,San Francisco 49ers,20,210,94,1,19,186,152,1,W
2021,6,Sun,4:05PM ET,Cleveland Browns,24,208,144,0,16,217,73,3,W
2021,7,Sun,4:25PM ET,Houston Texans,24,225,172,1,8,118,42,1,W
2021,8,Thu,8:20PM ET,Green Bay Packers,22,260,74,3,24,184,151,0,L
2021,9,Sun,4:25PM ET,San Francisco 49ers,22,274,163,0,22,298,39,3,W
2021,10,Sun,4:05PM ET,Carolina Panthers,11,104,65,2,24,175,166,2,L
2021,11,Sun,4:25PM ET,Seattle Seahawks,29,318,95,0,16,180,86,0,W
2021,13,Sun,1:00PM ET,Chicago Bears,14,120,137,0,26,217,112,4,W
2021,14,Mon,8:15PM ET,Los Angeles Rams,22,344,103,2,18,267,89,0,L
2021,15,Sun,1:00PM ET,Detroit Lions,23,293,105,1,22,212,126,1,L
2021,16,Sat,8:15PM ET,Indianapolis Colts,20,245,133,0,20,220,126,0,L
2021,17,Sun,1:00PM ET,Dallas Cowboys,23,272,127,0,19,256,45,1,W
2021,18,Sun,4:25PM ET,Seattle Seahawks,20,187,118,1,19,229,202,2,L
